8b06e402-cc20-4ace-aa44-9fc44069a2ae,Wed Jun 11 2025 19:58:00 GMT+0900 (日本標準時),Wed Jun 11 2025 19:58:00 GMT+0900 (日本標準時),finished,Ending,慶應義塾普通部,中学3年,とてもわかりやすかった,すごく増えた,とても勉強になった,フェイクは世の中にいっぱいあるということ,すごく興味を持ち続けたい,とても楽しめた,ストリートビューで過去に遡る,ある先生が風邪を引いていて、休みと友達に言われた時に移動教室に行かずに遅刻をつけられた時,"とても楽しく学べる今の教育に必要なことが全て詰め込まれていた
これからも同じようなイベントを開催して欲しい。",,科学の分野、歴史の分野,,,None,https://build.fillout.com/editor/8mWT7r3mMeus/results?sessionId=8b06e402-cc20-4ace-aa44-9fc44069a2ae,227d81d63fb18aadafb51392139b4b21
bf0e57ba-6edf-4c63-a7b8-7fb3bf48e75c,Wed Jun 11 2025 14:26:00 GMT+0900 (日本標準時),Wed Jun 11 2025 14:26:00 GMT+0900 (日本標準時),finished,Ending,慶應義塾普通部,中学3年,とてもわかりやすかった,まあまあ増えた,とても勉強になった,,すごく興味を持ち続けたい,とても楽しめた,ストリートビューで過去に遡る,,,,,,,None,https://build.fillout.com/editor/8mWT7r3mMeus/results?sessionId=bf0e57ba-6edf-4c63-a7b8-7fb3bf48e75c,00631b88c256328d764b6a39af43ac7e
883c0185-588c-46a5-bcea-c96d3a970b6b,Wed Jun 11 2025 14:26:00 GMT+0900 (日本標準時),Wed Jun 11 2025 14:26:00 GMT+0900 (日本標準時),finished,Ending,慶應義塾普通部,中学3年,とてもわかりやすかった,すごく増えた,とても勉強になった,いちはらけいが電話をかけてくる所です。,すごく興味を持ち続けたい,とても楽しめた,ストリートビューで過去に遡る,特にありません。,とても面白い謎解きゲームでした。他の作品ができたらプレイしてみたいです。,登場人物を多くし、犯人を分かりづらくする。,英語,,,None,https://build.fillout.com/editor/8mWT7r3mMeus/results?sessionId=883c0185-588c-46a5-bcea-c96d3a970b6b,00631b88c256328d764b6a39af43ac7e
ef7e8141-a125-43b9-b8cf-9a4909224ae1,Wed Jun 11 2025 14:25:00 GMT+0900 (日本標準時),Wed Jun 11 2025 14:25:00 GMT+0900 (日本標準時),finished,Ending,慶應義塾普通部,中学3年,まあまあわかりやすかった,まあまあ増えた,とても勉強になった,市原圭,すごく興味を持ち続けたい,楽しめた,Youtube雑学,ユーチューバーで行っていることが違う,現実と比べてていいと思った。,特になし,プログラミング,,,None,https://build.fillout.com/editor/8mWT7r3mMeus/results?sessionId=ef7e8141-a125-43b9-b8cf-9a4909224ae1,00631b88c256328d764b6a39af43ac7e
525e455f-e3f6-4cd5-ac5f-b7d7b0d4287f,Wed Jun 11 2025 14:23:00 GMT+0900 (日本標準時),Wed Jun 11 2025 14:23:00 GMT+0900 (日本標準時),finished,Ending,,,とてもわかりやすかった,すごく増えた,とても勉強になった,お前はレイに騙されてんだよ！,すごく興味を持ち続けたい,とても楽しめた,ストリートビューで過去に遡る,ない,映像が謎だった,,,,,None,https://build.fillout.com/editor/8mWT7r3mMeus/results?sessionId=525e455f-e3f6-4cd5-ac5f-b7d7b0d4287f,00631b88c256328d764b6a39af43ac7e
26c5bd0a-03dc-486d-b346-8702d15ee858,Wed Jun 11 2025 13:25:00 GMT+0900 (日本標準時),Wed Jun 11 2025 13:25:00 GMT+0900 (日本標準時),finished,Ending,慶應義塾普通部,中学3年,まあまあわかりやすかった,まあまあ増えた,まあまあ勉強になった,お前マージでふざけんなよーー,まあまあ興味を持ち続けたい,楽しめた,Youtube雑学,特にないです。,少しラインを返信してくるAIがロボットらしさが強かった。,特にないです。,歴史,,,None,https://build.fillout.com/editor/8mWT7r3mMeus/results?sessionId=26c5bd0a-03dc-486d-b346-8702d15ee858,00631b88c256328d764b6a39af43ac7e
339550d6-78e6-4d05-b15c-e95b2cdf1b19,Tue Jun 10 2025 21:36:00 GMT+0900 (日本標準時),Tue Jun 10 2025 21:36:00 GMT+0900 (日本標準時),finished,Ending,慶應義塾普通部,中学3年,まあまあわかりやすかった,あまり増えなかった,勉強になった,どこに嘘があるか分からないこと,まあまあ興味を持ち続けたい,まあまあ楽しめた,ストリートビューで過去に遡る,あまりというかまったくない。フェイクニュースがあるっていうニュースは見たことがある。,面白かった。楽しかった。,ゲーム自体は面白かったがファクトチェックをすることの大切さがあまり分からなかった。例えばゾウの雑学が間違っていてもあまり、生活に支障はないので危機感を覚えなかった。ゲームとしては面白くなくなってしまうかもしれないが、日々嘘が潜んでいるかわからないから簡単に信じてはいけないということをもっと強調しなければあまり、伝わらないと思う。上からみたいになってしまい申し訳ないです🙏,プログラミング,,,None,https://build.fillout.com/editor/8mWT7r3mMeus/results?sessionId=339550d6-78e6-4d05-b15c-e95b2cdf1b19,3f9b00e7b2bc2f7441260dff37dd5489
e24d5ad5-3c09-45c8-8390-0d0ffd13c805,Tue Jun 10 2025 21:16:00 GMT+0900 (日本標準時),Tue Jun 10 2025 21:16:00 GMT+0900 (日本標準時),finished,Ending,慶應義塾普通部,中学3年,まあまあわかりやすかった,まあまあ増えた,勉強になった,謎が全て解けた時の爽快感,まあまあ興味を持ち続けたい,とても楽しめた,Youtube雑学,ない,特に無い,特に無い,,,,None,https://build.fillout.com/editor/8mWT7r3mMeus/results?sessionId=e24d5ad5-3c09-45c8-8390-0d0ffd13c805,5c6471610840e572cd6281ae60186347
c03cf8a1-31c3-407e-98d5-a24be5efe4f3,Tue Jun 10 2025 21:02:00 GMT+0900 (日本標準時),Tue Jun 10 2025 21:02:00 GMT+0900 (日本標準時),finished,Ending,慶應普通部,中学3年,とてもわかりやすかった,すごく増えた,とても勉強になった,イチハラケイ,すごく興味を持ち続けたい,とても楽しめた,動画から国道15号線,ないです。,整形外科の名前を見つけるのが楽しかった。,特にないです。,英語,,,None,https://build.fillout.com/editor/8mWT7r3mMeus/results?sessionId=c03cf8a1-31c3-407e-98d5-a24be5efe4f3,f72cb4adf48b262962fb78fefe6ddd89
e4c3ed96-b3f5-4a27-a407-2fbc896a332f,Fri Jun 06 2025 14:13:00 GMT+0900 (日本標準時),Fri Jun 06 2025 14:13:00 GMT+0900 (日本標準時),finished,Ending,Keiof2,中学3年,まあまあわかりやすかった,まあまあ増えた,とても勉強になった,電話がかかってきたところが怖かった,すごく興味を持ち続けたい,とても楽しめた,Youtube雑学,ないがあるかも,特にない,特にない,歴史,,,None,https://build.fillout.com/editor/8mWT7r3mMeus/results?sessionId=e4c3ed96-b3f5-4a27-a407-2fbc896a332f,00631b88c256328d764b6a39af43ac7e
df5123bb-f571-42eb-bf50-2a144d2f04de,Thu Jun 05 2025 17:13:00 GMT+0900 (日本標準時),Thu Jun 05 2025 17:13:00 GMT+0900 (日本標準時),finished,Ending,慶應義塾普通部,中学3年,とてもわかりやすかった,まあまあ増えた,まあまあ勉強になった,AIのフェイクニュース,すごく興味を持ち続けたい,とても楽しめた,ストリートビューで過去に遡る,,謎解きの中でもとても臨場感のある面白いゲームで、最後までとてもたのしむことが出来た。ビデオ電話がとても怖かった。,リアルすぎてとても怖かった。血のついた証明写真と話のオチをもう少しリンクさせて欲しい。,特にない,,,None,https://build.fillout.com/editor/8mWT7r3mMeus/results?sessionId=df5123bb-f571-42eb-bf50-2a144d2f04de,ce5fa9cd969b9ebc6f1e5b48396ae548
c99b9d92-3d1c-4af4-8bce-0d97de884fcc,Thu Jun 05 2025 14:23:00 GMT+0900 (日本標準時),Thu Jun 05 2025 14:23:00 GMT+0900 (日本標準時),finished,Ending,慶應義塾普通部,中学3年,とてもわかりやすかった,すごく増えた,勉強になった,,すごく興味を持ち続けたい,とても楽しめた,動画から国道15号線,ゲームの攻略でアイテム大量配布！！みたいなクソ怪しいYouTubeを見たことがある。,もう少し難しくてもいいかも,声優が棒読みだった気がする。,ファクトチェックだけでいいと思う。,,,None,https://build.fillout.com/editor/8mWT7r3mMeus/results?sessionId=c99b9d92-3d1c-4af4-8bce-0d97de884fcc,00631b88c256328d764b6a39af43ac7e
d3d98e33-c46e-490f-92a8-1fd4a32db11d,Thu Jun 05 2025 14:23:00 GMT+0900 (日本標準時),Thu Jun 05 2025 14:23:00 GMT+0900 (日本標準時),finished,Ending,慶應普通部,中学3年,とてもわかりやすかった,まあまあ増えた,勉強になった,動画の中から整形外科の名前を見つけたところ,すごく興味を持ち続けたい,とても楽しめた,少子高齢化ニュース,動画サイトで有名な野球選手がトレードしたという嘘の情報があった,面白かった。答えに辿り着くまで難しかったところが良かった。,もう少しどんでん返しがあってもいいと思う。,プログラミングを作ってほしいです。,,,None,https://build.fillout.com/editor/8mWT7r3mMeus/results?sessionId=d3d98e33-c46e-490f-92a8-1fd4a32db11d,00631b88c256328d764b6a39af43ac7e
e53d8e7b-67ae-424f-8d6c-0bec99d04fba,Thu Jun 05 2025 14:22:00 GMT+0900 (日本標準時),Thu Jun 05 2025 14:22:00 GMT+0900 (日本標準時),finished,Ending,慶應義塾普通部,中学3年,とてもわかりやすかった,まあまあ増えた,とても勉強になった,いちはらけいの声,まあまあ興味を持ち続けたい,とても楽しめた,Youtube雑学,コロナ禍でマスクやトイレットペーパーが必要ということ,物語に現実のことが混ぜられていてとても面白かったです,,,,,None,https://build.fillout.com/editor/8mWT7r3mMeus/results?sessionId=e53d8e7b-67ae-424f-8d6c-0bec99d04fba,00631b88c256328d764b6a39af43ac7e
e8bb7e83-965a-40d4-a924-553d444d305f,Thu Jun 05 2025 14:22:00 GMT+0900 (日本標準時),Thu Jun 05 2025 14:22:00 GMT+0900 (日本標準時),finished,Ending,慶應義塾普通部,中学3年,とてもわかりやすかった,すごく増えた,とても勉強になった,一次情報,すごく興味を持ち続けたい,とても楽しめた,ストリートビューで過去に遡る,"YouTubeショーツで大谷選手のツリサムネが出てくる
",,,電車系,,,None,https://build.fillout.com/editor/8mWT7r3mMeus/results?sessionId=e8bb7e83-965a-40d4-a924-553d444d305f,00631b88c256328d764b6a39af43ac7e
f08c066e-c678-4f5c-ab71-7dc51bb3ad22,Thu Jun 05 2025 14:22:00 GMT+0900 (日本標準時),Thu Jun 05 2025 14:22:00 GMT+0900 (日本標準時),finished,Ending,慶應義塾普通部,中学3年,まあまあわかりやすかった,まあまあ増えた,まあまあ勉強になった,誤情報を本当の情報だと思い込んでいるかもしれない自分が怖くなった,まあまあ興味を持ち続けたい,楽しめた,少子高齢化ニュース,YouTube shortを見ていたら、Twitterで内閣について話している部分を切り取っていた。誤った情報をあたかも正しい情報のように見せていた。,Googleマップが使えなくなってしまったので、マップは使わずに問題を解きたかった。,特になし,演技,,,None,https://build.fillout.com/editor/8mWT7r3mMeus/results?sessionId=f08c066e-c678-4f5c-ab71-7dc51bb3ad22,00631b88c256328d764b6a39af43ac7e
05434ec2-59d1-4b33-8bee-f99aa586f446,Thu Jun 05 2025 14:22:00 GMT+0900 (日本標準時),Thu Jun 05 2025 14:22:00 GMT+0900 (日本標準時),finished,Ending,慶應義塾普通部,中学3年,まあまあわかりやすかった,まあまあ増えた,勉強になった,ファクトチェック,まあまあ興味を持ち続けたい,楽しめた,Instagram 生成画像,Youtubeで、これをすればこうなるなど,謎がちょうどいい難易度,なし,歴史,,,None,https://build.fillout.com/editor/8mWT7r3mMeus/results?sessionId=05434ec2-59d1-4b33-8bee-f99aa586f446,00631b88c256328d764b6a39af43ac7e
0e888a71-3407-4c3a-b603-3b067162e5bf,Thu Jun 05 2025 14:21:00 GMT+0900 (日本標準時),Thu Jun 05 2025 14:21:00 GMT+0900 (日本標準時),finished,Ending,慶應義塾普通部,中学3年,まあまあわかりやすかった,まあまあ増えた,勉強になった,ネットには嘘の情報がたくさんあるということ,まあまあ興味を持ち続けたい,楽しめた,Instagram 生成画像,あまりない,説明がわかりやすかった,特にない,英語,,,None,https://build.fillout.com/editor/8mWT7r3mMeus/results?sessionId=0e888a71-3407-4c3a-b603-3b067162e5bf,00631b88c256328d764b6a39af43ac7e
1f7a5af0-f729-4b96-a3e0-813dea937632,Thu Jun 05 2025 14:21:00 GMT+0900 (日本標準時),Thu Jun 05 2025 14:21:00 GMT+0900 (日本標準時),finished,Ending,慶應義塾普通部,中学3年,とてもわかりやすかった,すごく増えた,とても勉強になった,イチハラケイ,すごく興味を持ち続けたい,とても楽しめた,Instagram 生成画像,Youtube short で意味のわからない知識が流れ込んでくる。,総当たり式で犯人がわからないようにするといいかもしれません。,,数学をわかりやすく理解できるストーリーを作ってほしい。,,,None,https://build.fillout.com/editor/8mWT7r3mMeus/results?sessionId=1f7a5af0-f729-4b96-a3e0-813dea937632,00631b88c256328d764b6a39af43ac7e
535f346f-b0bd-4268-9a3e-e87febf4d619,Thu Jun 05 2025 14:21:00 GMT+0900 (日本標準時),Thu Jun 05 2025 14:21:00 GMT+0900 (日本標準時),finished,Ending,慶應義塾普通部,中学3年,まあまあわかりやすかった,まあまあ増えた,とても勉強になった,お前はレイに騙されてんだよ！,まあまあ興味を持ち続けたい,とても楽しめた,ストリートビューで過去に遡る,オアシスを調べていた時、ボーカルがリアムギャラガーではなくノエルギャラガーと紹介されていた,あまり謎解きゲームはやったことがなかったのでとても楽しかったです,,,,,None,https://build.fillout.com/editor/8mWT7r3mMeus/results?sessionId=535f346f-b0bd-4268-9a3e-e87febf4d619,00631b88c256328d764b6a39af43ac7e
1633ac90-d2c5-40f1-bd6f-0d88c30866c2,Thu Jun 05 2025 14:21:00 GMT+0900 (日本標準時),Thu Jun 05 2025 14:21:00 GMT+0900 (日本標準時),finished,Ending,慶應普通部,中学3年,とてもわかりやすかった,まあまあ増えた,とても勉強になった,いちはらの電話,まあまあ興味を持ち続けたい,とても楽しめた,Youtube雑学,特になし,ゲーム感覚で楽しめてとても勉強になった,なし,数学,,,None,https://build.fillout.com/editor/8mWT7r3mMeus/results?sessionId=1633ac90-d2c5-40f1-bd6f-0d88c30866c2,00631b88c256328d764b6a39af43ac7e
59154580-93da-407a-a084-49bdaeaf5cbc,Thu Jun 05 2025 14:21:00 GMT+0900 (日本標準時),Thu Jun 05 2025 14:21:00 GMT+0900 (日本標準時),finished,Ending,慶應普通部,中学3年,とてもわかりやすかった,まあまあ増えた,勉強になった,Google mapの機能,まあまあ興味を持ち続けたい,とても楽しめた,ストリートビューで過去に遡る,プライベートな状況で触れたことがある,面白いと思う,,近代史・公民など,,,None,https://build.fillout.com/editor/8mWT7r3mMeus/results?sessionId=59154580-93da-407a-a084-49bdaeaf5cbc,00631b88c256328d764b6a39af43ac7e
7d222fa4-1836-46de-a3ef-ee2b23fc122f,Thu Jun 05 2025 14:21:00 GMT+0900 (日本標準時),Thu Jun 05 2025 14:21:00 GMT+0900 (日本標準時),finished,Ending,慶應義塾普通部,中学3年,まあまあわかりやすかった,まあまあ増えた,とても勉強になった,市原は結局なんていってた？,まあまあ興味を持ち続けたい,とても楽しめた,Instagram 生成画像,ショート動画でそれぞれのチャンネルで違うことをいっている,発送がおもしろかった,もっと怖くしてほしい,もっと自分に視点のげーむにしてほしい,,,None,https://build.fillout.com/editor/8mWT7r3mMeus/results?sessionId=7d222fa4-1836-46de-a3ef-ee2b23fc122f,00631b88c256328d764b6a39af43ac7e
415c777e-f882-4c66-9c34-8f0a8f3d071f,Thu Jun 05 2025 14:21:00 GMT+0900 (日本標準時),Thu Jun 05 2025 14:21:00 GMT+0900 (日本標準時),finished,Ending,慶應義塾普通部,中学3年,まあまあわかりやすかった,まあまあ増えた,勉強になった,白石整形医院,まあまあ興味を持ち続けたい,楽しめた,動画から国道15号線,ころnころn,おもろい,,英語2,,,None,https://build.fillout.com/editor/8mWT7r3mMeus/results?sessionId=415c777e-f882-4c66-9c34-8f0a8f3d071f,00631b88c256328d764b6a39af43ac7e
028dc946-b4ea-4c16-968a-6afd04e85010,Thu Jun 05 2025 14:21:00 GMT+0900 (日本標準時),Thu Jun 05 2025 14:21:00 GMT+0900 (日本標準時),finished,Ending,慶應義塾普通部,中学3年,とてもわかりやすかった,まあまあ増えた,まあまあ勉強になった,偽情報,まあまあ興味を持ち続けたい,とても楽しめた,ストリートビューで過去に遡る,ない,謎解きがかなり深くて楽しかった,,,,,None,https://build.fillout.com/editor/8mWT7r3mMeus/results?sessionId=028dc946-b4ea-4c16-968a-6afd04e85010,00631b88c256328d764b6a39af43ac7e
b8d4b084-6b38-44ca-8106-47f6125f50c1,Thu Jun 05 2025 14:21:00 GMT+0900 (日本標準時),Thu Jun 05 2025 14:21:00 GMT+0900 (日本標準時),finished,Ending,慶應義塾普通部,中学3年,とてもわかりやすかった,すごく増えた,とても勉強になった,どれが正しい情報なのか一個一個調べたこと,すごく興味を持ち続けたい,とても楽しめた,Youtube雑学,YouTubeの広告,とても楽しく、嘘の情報のことについて学べました。,特にないです,生物、公民,,,None,https://build.fillout.com/editor/8mWT7r3mMeus/results?sessionId=b8d4b084-6b38-44ca-8106-47f6125f50c1,00631b88c256328d764b6a39af43ac7e
f14ace9e-fd7a-426b-a9ac-045ccf5d3ec7,Thu Jun 05 2025 14:21:00 GMT+0900 (日本標準時),Thu Jun 05 2025 14:21:00 GMT+0900 (日本標準時),finished,Ending,慶應義塾普通部,中学3年,まあまあわかりやすかった,まあまあ増えた,とても勉強になった,メタ読みで白石でやったら当たったこと,すごく興味を持ち続けたい,とても楽しめた,ストリートビューで過去に遡る,無いと思う,,,,,,None,https://build.fillout.com/editor/8mWT7r3mMeus/results?sessionId=f14ace9e-fd7a-426b-a9ac-045ccf5d3ec7,00631b88c256328d764b6a39af43ac7e
d630d091-319e-4ac7-8ce8-330e019c10e6,Thu Jun 05 2025 14:21:00 GMT+0900 (日本標準時),Thu Jun 05 2025 14:21:00 GMT+0900 (日本標準時),finished,Ending,慶應義塾普通部,中学3年,とてもわかりやすかった,すごく増えた,とても勉強になった,整形外科の名前,すごく興味を持ち続けたい,とても楽しめた,ストリートビューで過去に遡る,地震が起きた後の買い占め,楽しかった,ない,,,,None,https://build.fillout.com/editor/8mWT7r3mMeus/results?sessionId=d630d091-319e-4ac7-8ce8-330e019c10e6,00631b88c256328d764b6a39af43ac7e
b4b603e8-c09b-4ca8-8580-d06aa1cd70e0,Thu Jun 05 2025 14:20:00 GMT+0900 (日本標準時),Thu Jun 05 2025 14:20:00 GMT+0900 (日本標準時),finished,Ending,慶應義塾普通部,中学3年,まあまあわかりやすかった,まあまあ増えた,とても勉強になった,イチハラケイの顔,まあまあ興味を持ち続けたい,とても楽しめた,動画から国道15号線,あまりない,,,歴史,,,None,https://build.fillout.com/editor/8mWT7r3mMeus/results?sessionId=b4b603e8-c09b-4ca8-8580-d06aa1cd70e0,00631b88c256328d764b6a39af43ac7e
e8834e0b-7f1e-44f9-a391-4139560e13e7,Thu Jun 05 2025 14:20:00 GMT+0900 (日本標準時),Thu Jun 05 2025 14:20:00 GMT+0900 (日本標準時),finished,Ending,慶應義塾普通部,中学3年,とてもわかりやすかった,まあまあ増えた,勉強になった,楽しかった,まあまあ興味を持ち続けたい,楽しめた,Instagram 生成画像,生成AIを使用したフェイクニュースと思われる投稿。Twitterであった。トランプ関係,とても面白かった,,インターネットに関する法律、マナー,,,None,https://build.fillout.com/editor/8mWT7r3mMeus/results?sessionId=e8834e0b-7f1e-44f9-a391-4139560e13e7,00631b88c256328d764b6a39af43ac7e
6e44c5ea-1878-4ecf-a268-3e99fb9df933,Thu Jun 05 2025 14:20:00 GMT+0900 (日本標準時),Thu Jun 05 2025 14:20:00 GMT+0900 (日本標準時),finished,Ending,慶應義塾普通部,中学3年,とてもわかりやすかった,すごく増えた,とても勉強になった,話題の展開が面白くて、分かりやすかった。,すごく興味を持ち続けたい,とても楽しめた,少子高齢化ニュース,多分ないと思う。,世界大会などもあって、とても驚いた。,特にありません。,同じようなものでも楽しめるし、理解も深まると思います。,,,None,https://build.fillout.com/editor/8mWT7r3mMeus/results?sessionId=6e44c5ea-1878-4ecf-a268-3e99fb9df933,00631b88c256328d764b6a39af43ac7e
f3103bcb-19bd-480c-a6cc-49debecda326,Thu Jun 05 2025 14:20:00 GMT+0900 (日本標準時),Thu Jun 05 2025 14:20:00 GMT+0900 (日本標準時),finished,Ending,慶應義塾普通部,中学3年,まあまあわかりやすかった,まあまあ増えた,勉強になった,いちはらは実家が整形外科なんだから整形しといたほうがいいと思う,まあまあ興味を持ち続けたい,楽しめた,ストリートビューで過去に遡る,大山のFA流出,　ない,ない,英語,,,None,https://build.fillout.com/editor/8mWT7r3mMeus/results?sessionId=f3103bcb-19bd-480c-a6cc-49debecda326,00631b88c256328d764b6a39af43ac7e
2bdc7bef-ebb6-4a02-a678-06af4cf7b600,Thu Jun 05 2025 14:20:00 GMT+0900 (日本標準時),Thu Jun 05 2025 14:20:00 GMT+0900 (日本標準時),finished,Ending,慶應義塾普通部,中学3年,まあまあわかりやすかった,まあまあ増えた,とても勉強になった,ファクトチェック,まあまあ興味を持ち続けたい,楽しめた,Youtube雑学,わからない,最初、何をやればいいのかわからなかった,,,,,None,https://build.fillout.com/editor/8mWT7r3mMeus/results?sessionId=2bdc7bef-ebb6-4a02-a678-06af4cf7b600,00631b88c256328d764b6a39af43ac7e
1cf55064-8c86-4d19-aa81-e357f56ab06f,Thu Jun 05 2025 14:20:00 GMT+0900 (日本標準時),Thu Jun 05 2025 14:20:00 GMT+0900 (日本標準時),finished,Ending,慶應義塾普通部,中学3年,まあまあわかりやすかった,すごく増えた,とても勉強になった,疑いの目を持つことの大切さを知れた,まあまあ興味を持ち続けたい,とても楽しめた,動画から国道15号線,特にないです,とても楽しかったです。ありがとうございました。,特になし,社会(公民),,,None,https://build.fillout.com/editor/8mWT7r3mMeus/results?sessionId=1cf55064-8c86-4d19-aa81-e357f56ab06f,00631b88c256328d764b6a39af43ac7e
79741406-ca09-48d4-bb8b-273bed5c3de1,Thu Jun 05 2025 14:20:00 GMT+0900 (日本標準時),Thu Jun 05 2025 14:20:00 GMT+0900 (日本標準時),finished,Ending,慶應普通部,中学3年,とてもわかりやすかった,まあまあ増えた,勉強になった,国道463号線を特定する。,まあまあ興味を持ち続けたい,楽しめた,動画から国道15号線,ユーチューブの釣り動画のようなものに騙されそうになった。,面白かった,特になし,歴史,,,None,https://build.fillout.com/editor/8mWT7r3mMeus/results?sessionId=79741406-ca09-48d4-bb8b-273bed5c3de1,00631b88c256328d764b6a39af43ac7e
dc773961-1c2c-4f02-bf1a-2878af5fa127,Thu Jun 05 2025 14:20:00 GMT+0900 (日本標準時),Thu Jun 05 2025 14:20:00 GMT+0900 (日本標準時),finished,Ending,慶應義塾普通部,中学3年,まあまあわかりやすかった,まあまあ増えた,勉強になった,暗号を解くこと,まあまあ興味を持ち続けたい,楽しめた,Instagram 生成画像,ない,ない,ない,プログラミングしたい,,,None,https://build.fillout.com/editor/8mWT7r3mMeus/results?sessionId=dc773961-1c2c-4f02-bf1a-2878af5fa127,00631b88c256328d764b6a39af43ac7e
46c0622b-b307-4716-aca9-0ecb6badf312,Thu Jun 05 2025 14:19:00 GMT+0900 (日本標準時),Thu Jun 05 2025 14:19:00 GMT+0900 (日本標準時),finished,Ending,慶應義塾普通部,中学3年,とてもわかりやすかった,まあまあ増えた,とても勉強になった,クリアした時,すごく興味を持ち続けたい,とても楽しめた,ストリートビューで過去に遡る,あまりない,続きをやってみたい。,特に無いです。,プログラミング,,,None,https://build.fillout.com/editor/8mWT7r3mMeus/results?sessionId=46c0622b-b307-4716-aca9-0ecb6badf312,00631b88c256328d764b6a39af43ac7e
013409ae-f7bf-4d69-9c22-23c02897b6e8,Thu Jun 05 2025 14:19:00 GMT+0900 (日本標準時),Thu Jun 05 2025 14:19:00 GMT+0900 (日本標準時),finished,Ending,慶應義塾普通部,中学3年,とてもわかりやすかった,まあまあ増えた,とても勉強になった,電話びっくりした,まあまあ興味を持ち続けたい,とても楽しめた,ストリートビューで過去に遡る,ネットのサムネ詐欺,新感覚で、面白かった,,歴史,,,None,https://build.fillout.com/editor/8mWT7r3mMeus/results?sessionId=013409ae-f7bf-4d69-9c22-23c02897b6e8,00631b88c256328d764b6a39af43ac7e
a65fc0ea-560e-432d-b06e-2539a8e29666,Thu Jun 05 2025 14:19:00 GMT+0900 (日本標準時),Thu Jun 05 2025 14:19:00 GMT+0900 (日本標準時),finished,Ending,慶應義塾普通部,中学3年,まあまあわかりやすかった,あまり増えなかった,まあまあ勉強になった,ファクトチェック,まあまあ興味を持ち続けたい,まあまあ楽しめた,Instagram 生成画像,"はい
新型コロナ",,趣旨を最初に説明してほしい,,,,None,https://build.fillout.com/editor/8mWT7r3mMeus/results?sessionId=a65fc0ea-560e-432d-b06e-2539a8e29666,00631b88c256328d764b6a39af43ac7e
c6a19d78-fa5f-4e2e-919a-e8d676750dcc,Thu Jun 05 2025 14:19:00 GMT+0900 (日本標準時),Thu Jun 05 2025 14:19:00 GMT+0900 (日本標準時),finished,Ending,慶應普通部,中学3年,とてもわかりやすかった,すごく増えた,とても勉強になった,看板の模様,すごく興味を持ち続けたい,とても楽しめた,Instagram 生成画像,いつも,,看板のマーク消し,ガチガチの謎とき,,,None,https://build.fillout.com/editor/8mWT7r3mMeus/results?sessionId=c6a19d78-fa5f-4e2e-919a-e8d676750dcc,00631b88c256328d764b6a39af43ac7e
53d85599-1cd8-4dd0-97ed-2dab8a9e4d37,Thu Jun 05 2025 14:19:00 GMT+0900 (日本標準時),Thu Jun 05 2025 14:19:00 GMT+0900 (日本標準時),finished,Ending,慶應義塾普通部,中学3年,まあまあわかりやすかった,すごく増えた,とても勉強になった,いちはら君の電話が面白かった,まあまあ興味を持ち続けたい,とても楽しめた,Youtube雑学,,,,,,,None,https://build.fillout.com/editor/8mWT7r3mMeus/results?sessionId=53d85599-1cd8-4dd0-97ed-2dab8a9e4d37,00631b88c256328d764b6a39af43ac7e
0236da0a-c493-4263-88e3-3f34e9f82e06,Thu Jun 05 2025 14:19:00 GMT+0900 (日本標準時),Thu Jun 05 2025 14:19:00 GMT+0900 (日本標準時),finished,Ending,慶應義塾普通部,中学3年,まあまあわかりやすかった,まあまあ増えた,勉強になった,最後答えがわかった時の達成感,まあまあ興味を持ち続けたい,楽しめた,ストリートビューで過去に遡る,特になし,,,,,,None,https://build.fillout.com/editor/8mWT7r3mMeus/results?sessionId=0236da0a-c493-4263-88e3-3f34e9f82e06,00631b88c256328d764b6a39af43ac7e
f94e4e0b-dbc6-4ac1-b83a-274bb0fe11e1,Thu Jun 05 2025 14:19:00 GMT+0900 (日本標準時),Thu Jun 05 2025 14:19:00 GMT+0900 (日本標準時),finished,Ending,慶應義塾普通部,中学3年,まあまあわかりやすかった,まあまあ増えた,勉強になった,楽しかった,まあまあ興味を持ち続けたい,楽しめた,ストリートビューで過去に遡る,なし,なし,なし,なし,,,None,https://build.fillout.com/editor/8mWT7r3mMeus/results?sessionId=f94e4e0b-dbc6-4ac1-b83a-274bb0fe11e1,00631b88c256328d764b6a39af43ac7e
d826ee4b-c6a0-48b8-aa9c-acce76b3d02f,Thu Jun 05 2025 13:36:00 GMT+0900 (日本標準時),Thu Jun 05 2025 13:36:00 GMT+0900 (日本標準時),finished,Ending,慶應義塾普通部,中学3年,とてもわかりやすかった,まあまあ増えた,勉強になった,イチハラが電話に出たところ,まあまあ興味を持ち続けたい,とても楽しめた,ストリートビューで過去に遡る,理科レポートにある湿度が間違っているのに広まったこと,授業よりも楽に楽しく覚えられてよかった,◯分間次に進まなかったらヒントが見れる機能があったら良さそう,英語,,,None,https://build.fillout.com/editor/8mWT7r3mMeus/results?sessionId=d826ee4b-c6a0-48b8-aa9c-acce76b3d02f,00631b88c256328d764b6a39af43ac7e
18225999-a144-45e7-ba1b-8839547bc843,Thu Jun 05 2025 13:35:00 GMT+0900 (日本標準時),Thu Jun 05 2025 13:35:00 GMT+0900 (日本標準時),finished,Ending,慶應普通部,中学3年,まあまあわかりやすかった,すごく増えた,とても勉強になった,みんな知っているであろう雑学系のYouTubeを題材にしていたのが良かった。,すごく興味を持ち続けたい,まあまあ楽しめた,Youtube雑学,ある野球選手が移籍するという噂が流れ、それが広まってしまい僕たちにも広がっていた。,,,"数学
知識がそこまで必要でないため、誰でも触れやすいと思う。",,,None,https://build.fillout.com/editor/8mWT7r3mMeus/results?sessionId=18225999-a144-45e7-ba1b-8839547bc843,00631b88c256328d764b6a39af43ac7e
119d1199-29a0-4064-9e69-a6a78f0e92cd,Thu Jun 05 2025 13:34:00 GMT+0900 (日本標準時),Thu Jun 05 2025 13:34:00 GMT+0900 (日本標準時),finished,Ending,慶應義塾普通部,中学3年,とてもわかりやすかった,すごく増えた,とても勉強になった,イチハラサンを選んだ時の電話。音割れしていた。　白石ｲｲｲｲｲｲｲ貴様ぁぁぁぁぁぁぁぁぁ,すごく興味を持ち続けたい,とても楽しめた,Instagram 生成画像,特にないと思う。でも、あった可能性が高そう。,リアルを絡めたゲームは面白い。新感覚でした。,なし,特にない,,,None,https://build.fillout.com/editor/8mWT7r3mMeus/results?sessionId=119d1199-29a0-4064-9e69-a6a78f0e92cd,00631b88c256328d764b6a39af43ac7e
cfb52e8f-7c07-4852-8720-fa15d31d5ed2,Thu Jun 05 2025 13:34:00 GMT+0900 (日本標準時),Thu Jun 05 2025 13:34:00 GMT+0900 (日本標準時),finished,Ending,慶應義塾普通部,中学3年,とてもわかりやすかった,まあまあ増えた,とても勉強になった,YouTubeなどの20%が嘘だったこと,まあまあ興味を持ち続けたい,とても楽しめた,ストリートビューで過去に遡る,YouTubeで誤情報が流れてきた,とても面白かった,特にない,歴史,,,None,https://build.fillout.com/editor/8mWT7r3mMeus/results?sessionId=cfb52e8f-7c07-4852-8720-fa15d31d5ed2,00631b88c256328d764b6a39af43ac7e
50271c7c-ed09-4b9d-8dd3-4a067ecff3db,Thu Jun 05 2025 13:34:00 GMT+0900 (日本標準時),Thu Jun 05 2025 13:34:00 GMT+0900 (日本標準時),finished,Ending,慶應義塾普通部,中学3年,とてもわかりやすかった,すごく増えた,とても勉強になった,ファクトチェック！,まあまあ興味を持ち続けたい,とても楽しめた,少子高齢化ニュース,今まで気にしたことがなかったので、触れていたとしても分かりません。,「謎解きはもう始まっている」というセリフをもっと重要にしてもいいかもしれません。,上と同じです,数学が面白くなるナゾトキゲーム,,,None,https://build.fillout.com/editor/8mWT7r3mMeus/results?sessionId=50271c7c-ed09-4b9d-8dd3-4a067ecff3db,00631b88c256328d764b6a39af43ac7e
eaa4d7b5-b68c-4769-8d7b-28fdf3672aaa,Thu Jun 05 2025 13:34:00 GMT+0900 (日本標準時),Thu Jun 05 2025 13:34:00 GMT+0900 (日本標準時),finished,Ending,慶應義塾普通部,中学3年,とてもわかりやすかった,まあまあ増えた,とても勉強になった,メディアの記事が間違ってい,すごく興味を持ち続けたい,とても楽しめた,ストリートビューで過去に遡る,ないです。,謎解き形式で面白いと思いました。,音量が難しかった。,数学,,,None,https://build.fillout.com/editor/8mWT7r3mMeus/results?sessionId=eaa4d7b5-b68c-4769-8d7b-28fdf3672aaa,00631b88c256328d764b6a39af43ac7e
678b3765-ff73-40ac-bce3-367a526b4da0,Thu Jun 05 2025 13:33:00 GMT+0900 (日本標準時),Thu Jun 05 2025 13:33:00 GMT+0900 (日本標準時),finished,Ending,慶應義塾普通部,中学3年,あまりわかりやすくなかった,あまり増えなかった,まあまあ勉強になった,ファクトチェック,すごく興味を持ち続けたい,まあまあ楽しめた,ストリートビューで過去に遡る,YouTubeショートで、AIで加工されている動画のコメント欄を見てみるとみんな信じてました。,楽しかったです,,歴史,,,None,https://build.fillout.com/editor/8mWT7r3mMeus/results?sessionId=678b3765-ff73-40ac-bce3-367a526b4da0,00631b88c256328d764b6a39af43ac7e
b7c39764-359b-4ef1-8253-b62ce84cf970,Thu Jun 05 2025 13:33:00 GMT+0900 (日本標準時),Thu Jun 05 2025 13:33:00 GMT+0900 (日本標準時),finished,Ending,慶應義塾普通部,中学3年,とてもわかりやすかった,まあまあ増えた,勉強になった,AIの技術の精度,まあまあ興味を持ち続けたい,とても楽しめた,動画から国道15号線,ない,順番に謎が解けていくのが面白かった。,ない,歴史,,,None,https://build.fillout.com/editor/8mWT7r3mMeus/results?sessionId=b7c39764-359b-4ef1-8253-b62ce84cf970,00631b88c256328d764b6a39af43ac7e
7f8a539d-bcc6-4e73-a774-f3060fec97c9,Thu Jun 05 2025 13:33:00 GMT+0900 (日本標準時),Thu Jun 05 2025 13:33:00 GMT+0900 (日本標準時),finished,Ending,慶應義塾普通部,中学3年,とてもわかりやすかった,すごく増えた,とても勉強になった,最後のGoogleマップを使うところが一番面白かった。,まあまあ興味を持ち続けたい,とても楽しめた,Instagram 生成画像,芸能人のデマなどをXなどでよく見かける。,楽しかったのでこれからも続けてほしいです！,特になし,古文の文法を面白いゲームにして欲しいです,,,None,https://build.fillout.com/editor/8mWT7r3mMeus/results?sessionId=7f8a539d-bcc6-4e73-a774-f3060fec97c9,00631b88c256328d764b6a39af43ac7e
9a4fe597-c037-4783-bd23-5e1832d6f39e,Thu Jun 05 2025 13:33:00 GMT+0900 (日本標準時),Thu Jun 05 2025 13:33:00 GMT+0900 (日本標準時),finished,Ending,慶應義塾普通部,中学3年,とてもわかりやすかった,すごく増えた,とても勉強になった,もしもし。おまぁフザぁけんなよぉ,すごく興味を持ち続けたい,とても楽しめた,Youtube雑学,,,,,,,None,https://build.fillout.com/editor/8mWT7r3mMeus/results?sessionId=9a4fe597-c037-4783-bd23-5e1832d6f39e,00631b88c256328d764b6a39af43ac7e
79808517-4091-4e3a-ae57-69f3c341ab96,Thu Jun 05 2025 13:32:00 GMT+0900 (日本標準時),Thu Jun 05 2025 13:32:00 GMT+0900 (日本標準時),finished,Ending,慶應義塾普通部,中学3年,まあまあわかりやすかった,まあまあ増えた,とても勉強になった,レイの正体が親友だったこと,まあまあ興味を持ち続けたい,とても楽しめた,Instagram 生成画像,特になし,面白かった,特になし,プログラミング,,,None,https://build.fillout.com/editor/8mWT7r3mMeus/results?sessionId=79808517-4091-4e3a-ae57-69f3c341ab96,00631b88c256328d764b6a39af43ac7e
4fc28d23-b181-4539-964e-7a50d5809204,Thu Jun 05 2025 13:32:00 GMT+0900 (日本標準時),Thu Jun 05 2025 13:32:00 GMT+0900 (日本標準時),finished,Ending,慶應義塾普通部,中学3年,とてもわかりやすかった,すごく増えた,とても勉強になった,AIで画像を合成したこと,すごく興味を持ち続けたい,とても楽しめた,ストリートビューで過去に遡る,,,,,,,None,https://build.fillout.com/editor/8mWT7r3mMeus/results?sessionId=4fc28d23-b181-4539-964e-7a50d5809204,00631b88c256328d764b6a39af43ac7e
413f7178-7ef5-41df-8d5b-a95c85e507c7,Thu Jun 05 2025 13:32:00 GMT+0900 (日本標準時),Thu Jun 05 2025 13:32:00 GMT+0900 (日本標準時),finished,Ending,慶應義塾普通部,中学3年,まあまあわかりやすかった,あまり増えなかった,まあまあ勉強になった,騙されるな,まあまあ興味を持ち続けたい,楽しめた,ストリートビューで過去に遡る,ない,ないです。,最後にオチがあまりよく分からなかったので、一貫性を出して欲しい。,歴史,,,None,https://build.fillout.com/editor/8mWT7r3mMeus/results?sessionId=413f7178-7ef5-41df-8d5b-a95c85e507c7,00631b88c256328d764b6a39af43ac7e
ba0790c9-2320-4950-b09b-75bf0a921ac6,Thu Jun 05 2025 13:32:00 GMT+0900 (日本標準時),Thu Jun 05 2025 13:32:00 GMT+0900 (日本標準時),finished,Ending,慶應義塾普通部,中学3年,とてもわかりやすかった,すごく増えた,とても勉強になった,ファクトチェックをする,すごく興味を持ち続けたい,とても楽しめた,Instagram 生成画像,Xのまとめる系アカウントがツイートしていたのが嘘だった,海外に進出をしているのが本当にすごいと思った,もっと長いのを作ってほしい,パソコン系のやつ　AIとか,,,None,https://build.fillout.com/editor/8mWT7r3mMeus/results?sessionId=ba0790c9-2320-4950-b09b-75bf0a921ac6,00631b88c256328d764b6a39af43ac7e
77749966-04a3-40c5-a50c-e488029bafbb,Thu Jun 05 2025 13:32:00 GMT+0900 (日本標準時),Thu Jun 05 2025 13:32:00 GMT+0900 (日本標準時),finished,Ending,慶應義塾普通部,中学3年,まあまあわかりやすかった,全然増えなかった,ぜんぜんならん！,宿題を早く終わらせないとなあ,まあまあ興味を持ち続けたい,とても楽しめた,少子高齢化ニュース,ショート動画の釣りサムネ,なんかただのゲームになっていてあまり勉強にならない,もっと派手な展開が欲しかった,授業は楽しい,,,None,https://build.fillout.com/editor/8mWT7r3mMeus/results?sessionId=77749966-04a3-40c5-a50c-e488029bafbb,00631b88c256328d764b6a39af43ac7e
2d64b037-e13f-49b7-962e-cbacbe8a68c9,Thu Jun 05 2025 13:32:00 GMT+0900 (日本標準時),Thu Jun 05 2025 13:32:00 GMT+0900 (日本標準時),finished,Ending,慶應普通部,中学3年,まあまあわかりやすかった,まあまあ増えた,勉強になった,電話,すごく興味を持ち続けたい,楽しめた,ストリートビューで過去に遡る,TwitterやInstagramで本当か分からない情報に触れた,ちょうど良い難易度で楽しめた,ないです,プログラミング,,,None,https://build.fillout.com/editor/8mWT7r3mMeus/results?sessionId=2d64b037-e13f-49b7-962e-cbacbe8a68c9,00631b88c256328d764b6a39af43ac7e
173d4c56-7565-4381-9bac-db30d38dadc8,Thu Jun 05 2025 13:31:00 GMT+0900 (日本標準時),Thu Jun 05 2025 13:31:00 GMT+0900 (日本標準時),finished,Ending,慶應義塾普通部,中学3年,とてもわかりやすかった,まあまあ増えた,勉強になった,いちはらけい,まあまあ興味を持ち続けたい,とても楽しめた,ストリートビューで過去に遡る,有吉弘行さんが逮捕されたとか、反逆行為をしたとか。,,,プログラミング,,,None,https://build.fillout.com/editor/8mWT7r3mMeus/results?sessionId=173d4c56-7565-4381-9bac-db30d38dadc8,00631b88c256328d764b6a39af43ac7e
18b24d60-8bdc-42f4-80fd-ded4e6542b76,Thu Jun 05 2025 13:31:00 GMT+0900 (日本標準時),Thu Jun 05 2025 13:31:00 GMT+0900 (日本標準時),finished,Ending,慶應義塾普通部,中学3年,まあまあわかりやすかった,全然増えなかった,まあまあ勉強になった,世界大会30万,まあまあ興味を持ち続けたい,とても楽しめた,動画から国道15号線,ない,もっと難易度を高くして欲しかったです。,"ファクトチェックについてあまり詳しくなれなかった。
もっと違うことを教えて欲しかったです。",数学,,,None,https://build.fillout.com/editor/8mWT7r3mMeus/results?sessionId=18b24d60-8bdc-42f4-80fd-ded4e6542b76,00631b88c256328d764b6a39af43ac7e
83919a8d-fca6-4206-8246-d65e1ea9b9eb,Thu Jun 05 2025 13:31:00 GMT+0900 (日本標準時),Thu Jun 05 2025 13:31:00 GMT+0900 (日本標準時),finished,Ending,慶應義塾普通部,中学3年,あまりわかりやすくなかった,まあまあ増えた,まあまあ勉強になった,電話の人物の声,まあまあ興味を持ち続けたい,まあまあ楽しめた,動画から国道15号線,ないです,ちょっと仕組みが難しいのでわかりやすくしてほしい,特になし,プログラミング,,,None,https://build.fillout.com/editor/8mWT7r3mMeus/results?sessionId=83919a8d-fca6-4206-8246-d65e1ea9b9eb,00631b88c256328d764b6a39af43ac7e
8cdaa049-323d-4a71-8209-1e80380b5dc6,Thu Jun 05 2025 13:31:00 GMT+0900 (日本標準時),Thu Jun 05 2025 13:31:00 GMT+0900 (日本標準時),finished,Ending,慶應義塾普通部,中学3年,とてもわかりやすかった,まあまあ増えた,とても勉強になった,イチカワの声が香ばしかった。,すごく興味を持ち続けたい,とても楽しめた,ストリートビューで過去に遡る,,,,,,,None,https://build.fillout.com/editor/8mWT7r3mMeus/results?sessionId=8cdaa049-323d-4a71-8209-1e80380b5dc6,00631b88c256328d764b6a39af43ac7e
571ab48a-9ea9-4776-b3bf-2354df663c7c,Thu Jun 05 2025 13:31:00 GMT+0900 (日本標準時),Thu Jun 05 2025 13:31:00 GMT+0900 (日本標準時),finished,Ending,慶應義塾普通部,中学3年,全然わかりやすくなかった,全然増えなかった,まあまあ勉強になった,何かもう終わってた,あまり興味を持ち続けたくない,全く楽しめなかった,なし,xとかでゲームに関する偽情報が出回ってた,なし,なし,なし,,,None,https://build.fillout.com/editor/8mWT7r3mMeus/results?sessionId=571ab48a-9ea9-4776-b3bf-2354df663c7c,00631b88c256328d764b6a39af43ac7e
3590bd7b-5187-468e-99d7-0cc25d432470,Thu Jun 05 2025 13:30:00 GMT+0900 (日本標準時),Thu Jun 05 2025 13:30:00 GMT+0900 (日本標準時),finished,Ending,慶應義塾普通部,中学3年,とてもわかりやすかった,まあまあ増えた,勉強になった,ファクトチェックの音が好き,まあまあ興味を持ち続けたい,とても楽しめた,Instagram 生成画像,AIとかのイラストだったら胡散臭いと感じることはある。,頑張ってください！,特にないけど、少し情報が足りないかなあ…とは感じました。,,,,None,https://build.fillout.com/editor/8mWT7r3mMeus/results?sessionId=3590bd7b-5187-468e-99d7-0cc25d432470,00631b88c256328d764b6a39af43ac7e
0240c45c-5bb1-4cf2-bcbe-551f1f5208e3,Thu Jun 05 2025 13:30:00 GMT+0900 (日本標準時),Thu Jun 05 2025 13:30:00 GMT+0900 (日本標準時),finished,Ending,慶應義塾普通部,中学3年,まあまあわかりやすかった,まあまあ増えた,とても勉強になった,イチハラケイ,まあまあ興味を持ち続けたい,とても楽しめた,ストリートビューで過去に遡る,特にない,楽しかった,特にない,"数学
歴史",,,None,https://build.fillout.com/editor/8mWT7r3mMeus/results?sessionId=0240c45c-5bb1-4cf2-bcbe-551f1f5208e3,00631b88c256328d764b6a39af43ac7e
e7d4804f-9743-46a2-951f-1d834c1f556a,Thu Jun 05 2025 13:30:00 GMT+0900 (日本標準時),Thu Jun 05 2025 13:30:00 GMT+0900 (日本標準時),finished,Ending,慶應義塾普通部,中学3年,まあまあわかりやすかった,まあまあ増えた,まあまあ勉強になった,市原顔キモい,すごく興味を持ち続けたい,とても楽しめた,ストリートビューで過去に遡る,YouTubeのショート動画などでよく見る,特にない,犯人が分かりやすかったので意外な人でもいいと思う。,プログラミング,,,None,https://build.fillout.com/editor/8mWT7r3mMeus/results?sessionId=e7d4804f-9743-46a2-951f-1d834c1f556a,00631b88c256328d764b6a39af43ac7e
a5a60172-0a41-4955-a718-8a2722b5982b,Thu Jun 05 2025 13:29:00 GMT+0900 (日本標準時),Thu Jun 05 2025 13:29:00 GMT+0900 (日本標準時),finished,Ending,慶應義塾普通部,中学3年,とてもわかりやすかった,まあまあ増えた,とても勉強になった,市原ケイ,すごく興味を持ち続けたい,とても楽しめた,Youtube雑学,,,,,,,None,https://build.fillout.com/editor/8mWT7r3mMeus/results?sessionId=a5a60172-0a41-4955-a718-8a2722b5982b,00631b88c256328d764b6a39af43ac7e
597942b9-e969-4392-ac25-cc61f5d2a557,Thu Jun 05 2025 13:29:00 GMT+0900 (日本標準時),Thu Jun 05 2025 13:29:00 GMT+0900 (日本標準時),finished,Ending,慶應義塾普通部,中学3年,とてもわかりやすかった,まあまあ増えた,勉強になった,ファクトチェック,あまり興味を持ち続けたくない,楽しめた,ストリートビューで過去に遡る,ない,ない,ない,歴史,,,None,https://build.fillout.com/editor/8mWT7r3mMeus/results?sessionId=597942b9-e969-4392-ac25-cc61f5d2a557,00631b88c256328d764b6a39af43ac7e
5a833c29-969f-47bb-b336-70b947ab1db4,Thu Jun 05 2025 13:29:00 GMT+0900 (日本標準時),Thu Jun 05 2025 13:29:00 GMT+0900 (日本標準時),finished,Ending,慶應義塾普通部,中学3年,まあまあわかりやすかった,まあまあ増えた,ぜんぜんならん！,メディアリテラシー,まあまあ興味を持ち続けたい,とても楽しめた,少子高齢化ニュース,,,,数学、株、金融,,,None,https://build.fillout.com/editor/8mWT7r3mMeus/results?sessionId=5a833c29-969f-47bb-b336-70b947ab1db4,00631b88c256328d764b6a39af43ac7e
99549373-0034-4fa3-a2e0-68f683bbb4ab,Thu Jun 05 2025 13:29:00 GMT+0900 (日本標準時),Thu Jun 05 2025 13:28:00 GMT+0900 (日本標準時),finished,Ending,慶應義塾普通部,中学3年,まあまあわかりやすかった,まあまあ増えた,勉強になった,,まあまあ興味を持ち続けたい,まあまあ楽しめた,ストリートビューで過去に遡る,,,,,,,None,https://build.fillout.com/editor/8mWT7r3mMeus/results?sessionId=99549373-0034-4fa3-a2e0-68f683bbb4ab,00631b88c256328d764b6a39af43ac7e
bcd2f0a8-3110-4f9a-9746-9117ece660a4,Thu Jun 05 2025 13:28:00 GMT+0900 (日本標準時),Thu Jun 05 2025 13:28:00 GMT+0900 (日本標準時),finished,Ending,慶應普通部,中学3年,とてもわかりやすかった,すごく増えた,とても勉強になった,誤情報がとても多いということ,まあまあ興味を持ち続けたい,楽しめた,Instagram 生成画像,特にない,特にない,特にない,歴史,,,None,https://build.fillout.com/editor/8mWT7r3mMeus/results?sessionId=bcd2f0a8-3110-4f9a-9746-9117ece660a4,00631b88c256328d764b6a39af43ac7e
21db94f3-7141-4793-be03-565812993baa,Thu Jun 05 2025 13:28:00 GMT+0900 (日本標準時),Thu Jun 05 2025 13:28:00 GMT+0900 (日本標準時),finished,Ending,慶應義塾普通部,中学3年,とてもわかりやすかった,すごく増えた,とても勉強になった,電話,すごく興味を持ち続けたい,とても楽しめた,Youtube雑学,ない,とてもおもしろい,ない,学園もの,,,None,https://build.fillout.com/editor/8mWT7r3mMeus/results?sessionId=21db94f3-7141-4793-be03-565812993baa,00631b88c256328d764b6a39af43ac7e
ec38bf3f-10e6-45b2-9eb3-b8a95fab0371,Thu Jun 05 2025 12:22:00 GMT+0900 (日本標準時),Thu Jun 05 2025 12:22:00 GMT+0900 (日本標準時),finished,Ending,慶應普通部,中学3年,まあまあわかりやすかった,まあまあ増えた,勉強になった,,まあまあ興味を持ち続けたい,楽しめた,動画から国道15号線,,,,,,,None,https://build.fillout.com/editor/8mWT7r3mMeus/results?sessionId=ec38bf3f-10e6-45b2-9eb3-b8a95fab0371,00631b88c256328d764b6a39af43ac7e
a27edb69-c00c-4299-9453-82f65252c832,Thu Jun 05 2025 12:21:00 GMT+0900 (日本標準時),Thu Jun 05 2025 12:21:00 GMT+0900 (日本標準時),finished,Ending,慶應義塾普通部,中学3年,とてもわかりやすかった,すごく増えた,とても勉強になった,ゲームの内容と実際の地図がリンクしているのは少し怖かった。,すごく興味を持ち続けたい,とても楽しめた,ストリートビューで過去に遡る,自分はあまり触れたことがないと思っているが、自分の気づかないところで誤情報や偽情報に触れているかもしれない。,メディアリテラシーについて、わかりやすく説明してくれたので、とても楽しく学ぶことができた。,,プログラミング,,,None,https://build.fillout.com/editor/8mWT7r3mMeus/results?sessionId=a27edb69-c00c-4299-9453-82f65252c832,00631b88c256328d764b6a39af43ac7e
f38a890e-dbd1-4f0b-b8c8-5e909d97955e,Thu Jun 05 2025 11:56:00 GMT+0900 (日本標準時),Thu Jun 05 2025 11:56:00 GMT+0900 (日本標準時),finished,Ending,慶應義塾普通部,中学3年,まあまあわかりやすかった,すごく増えた,とても勉強になった,デマ情報は一瞬で広がる。,まあまあ興味を持ち続けたい,とても楽しめた,ストリートビューで過去に遡る,X（旧Twitter）やInstagramなどに何日に大地震が起こりますよ、のような情報を見たことがある。,犯人を見つけた後にエンディングを流して欲しかった。,問題数や難易度設定を増やして、アプリ化をしてほしい,歴史など,,,None,https://build.fillout.com/editor/8mWT7r3mMeus/results?sessionId=f38a890e-dbd1-4f0b-b8c8-5e909d97955e,00631b88c256328d764b6a39af43ac7e
9cb45998-3118-47b0-9984-f11edba675ae,Thu Jun 05 2025 11:56:00 GMT+0900 (日本標準時),Thu Jun 05 2025 11:56:00 GMT+0900 (日本標準時),finished,Ending,慶應義塾普通部,中学3年,とてもわかりやすかった,まあまあ増えた,とても勉強になった,,まあまあ興味を持ち続けたい,とても楽しめた,ストリートビューで過去に遡る,,作り込まれていて面白かった。,,英語,,,None,https://build.fillout.com/editor/8mWT7r3mMeus/results?sessionId=9cb45998-3118-47b0-9984-f11edba675ae,00631b88c256328d764b6a39af43ac7e
db98dddf-711c-46ee-83b5-e48424406e05,Thu Jun 05 2025 11:55:00 GMT+0900 (日本標準時),Thu Jun 05 2025 11:55:00 GMT+0900 (日本標準時),finished,Ending,慶應普通部,中学3年,とてもわかりやすかった,まあまあ増えた,とても勉強になった,イチハラケイの顔,まあまあ興味を持ち続けたい,とても楽しめた,動画から国道15号線,ない,楽しかった,"最後の終わり方に少し違和感があった。
イチハラケイが巻き込まれた理由も特になく設定としてのゲームにしてはやり過ぎなところがある気がしたので結末を少し変更して欲しい",公民(特に経済、政治あたり),,,None,https://build.fillout.com/editor/8mWT7r3mMeus/results?sessionId=db98dddf-711c-46ee-83b5-e48424406e05,00631b88c256328d764b6a39af43ac7e
3e0ab66f-4f7b-4e83-b229-a85637b1577a,Thu Jun 05 2025 11:55:00 GMT+0900 (日本標準時),Thu Jun 05 2025 11:55:00 GMT+0900 (日本標準時),finished,Ending,慶應普通部,中学3年,とてもわかりやすかった,まあまあ増えた,とても勉強になった,ゲームはまだ終わらないと出てきたところ,まあまあ興味を持ち続けたい,とても楽しめた,ストリートビューで過去に遡る,ない,ない,わかりにくかったところがあった,他の謎解き,,,None,https://build.fillout.com/editor/8mWT7r3mMeus/results?sessionId=3e0ab66f-4f7b-4e83-b229-a85637b1577a,00631b88c256328d764b6a39af43ac7e
b5ce25f0-5508-4bf8-8868-d148871eede2,Thu Jun 05 2025 11:55:00 GMT+0900 (日本標準時),Thu Jun 05 2025 11:55:00 GMT+0900 (日本標準時),finished,Ending,慶應義塾普通部,中学3年,とてもわかりやすかった,まあまあ増えた,勉強になった,楽しかった,まあまあ興味を持ち続けたい,とても楽しめた,ストリートビューで過去に遡る,TikTokなどで触れたことがある,なし,なし,数学,,,None,https://build.fillout.com/editor/8mWT7r3mMeus/results?sessionId=b5ce25f0-5508-4bf8-8868-d148871eede2,00631b88c256328d764b6a39af43ac7e
92876d81-0d65-4648-8f2f-d6f3851ac98e,Thu Jun 05 2025 11:55:00 GMT+0900 (日本標準時),Thu Jun 05 2025 11:55:00 GMT+0900 (日本標準時),finished,Ending,慶應義塾普通部,中学3年,まあまあわかりやすかった,まあまあ増えた,勉強になった,,まあまあ興味を持ち続けたい,とても楽しめた,動画から国道15号線,特にない,もう少し問題を増やすと長い時間で楽しめる。,,,,,None,https://build.fillout.com/editor/8mWT7r3mMeus/results?sessionId=92876d81-0d65-4648-8f2f-d6f3851ac98e,00631b88c256328d764b6a39af43ac7e
a2b6ecb4-c0de-454b-a100-9a244188c460,Thu Jun 05 2025 11:55:00 GMT+0900 (日本標準時),Thu Jun 05 2025 11:55:00 GMT+0900 (日本標準時),finished,Ending,慶応義塾普通部,中学3年,とてもわかりやすかった,まあまあ増えた,まあまあ勉強になった,謎解きが難しかった。,まあまあ興味を持ち続けたい,楽しめた,Youtube雑学,特にないが、TikTokなどでよく何も関係ないのに、「〇〇　死亡」などの情報が挙げられているのは多々見かける。,とても面白いプロジェクトだと思った。,,,,,None,https://build.fillout.com/editor/8mWT7r3mMeus/results?sessionId=a2b6ecb4-c0de-454b-a100-9a244188c460,00631b88c256328d764b6a39af43ac7e
c4a96efd-8497-4951-9ee5-5a57b38b0bff,Thu Jun 05 2025 11:55:00 GMT+0900 (日本標準時),Thu Jun 05 2025 11:55:00 GMT+0900 (日本標準時),finished,Ending,慶應義塾普通部,中学3年,とてもわかりやすかった,まあまあ増えた,勉強になった,イチハラの電話,まあまあ興味を持ち続けたい,とても楽しめた,Youtube雑学,時々流れてくるユーチューブショート。,めっちゃ面白かった。また来てください。,なし,歴史（特に戦国時代）お願いします,,,None,https://build.fillout.com/editor/8mWT7r3mMeus/results?sessionId=c4a96efd-8497-4951-9ee5-5a57b38b0bff,00631b88c256328d764b6a39af43ac7e
6a9272df-73a7-45af-969d-2f3278846aa0,Thu Jun 05 2025 11:54:00 GMT+0900 (日本標準時),Thu Jun 05 2025 11:54:00 GMT+0900 (日本標準時),finished,Ending,慶應義塾普通部,中学3年,とてもわかりやすかった,まあまあ増えた,とても勉強になった,Factcheck が世界で一番危ないというデータがある。,すごく興味を持ち続けたい,とても楽しめた,動画から国道15号線,,,,,,,None,https://build.fillout.com/editor/8mWT7r3mMeus/results?sessionId=6a9272df-73a7-45af-969d-2f3278846aa0,00631b88c256328d764b6a39af43ac7e
afcd18b0-e4d7-4604-aa35-53f2adb00703,Thu Jun 05 2025 11:54:00 GMT+0900 (日本標準時),Thu Jun 05 2025 11:54:00 GMT+0900 (日本標準時),finished,Ending,慶應義塾普通部,中学3年,とてもわかりやすかった,まあまあ増えた,勉強になった,嘘を探すのが楽しかった。,まあまあ興味を持ち続けたい,楽しめた,ストリートビューで過去に遡る,ない,何が間違っていたのか、やどうすれば解けるのかを探すのが楽しかった。,知らない機能を見つけるのは無理なので改善してほしい。,歴史,,,None,https://build.fillout.com/editor/8mWT7r3mMeus/results?sessionId=afcd18b0-e4d7-4604-aa35-53f2adb00703,00631b88c256328d764b6a39af43ac7e
ca9fe924-4ed7-4de8-b792-03f120db8b64,Thu Jun 05 2025 11:54:00 GMT+0900 (日本標準時),Thu Jun 05 2025 11:54:00 GMT+0900 (日本標準時),finished,Ending,慶義義塾普通部,中学3年,とてもわかりやすかった,すごく増えた,とても勉強になった,いちはら,まあまあ興味を持ち続けたい,とても楽しめた,Youtube雑学,ありません,複数人で謎解きをするのは楽しかった。,改善点はありません,英語と歴史です,,,None,https://build.fillout.com/editor/8mWT7r3mMeus/results?sessionId=ca9fe924-4ed7-4de8-b792-03f120db8b64,00631b88c256328d764b6a39af43ac7e
8cea5865-2fc7-4c4b-9bef-79d908f1f53a,Thu Jun 05 2025 11:54:00 GMT+0900 (日本標準時),Thu Jun 05 2025 11:54:00 GMT+0900 (日本標準時),finished,Ending,慶應義塾普通部,中学3年,まあまあわかりやすかった,まあまあ増えた,勉強になった,いちはら,まあまあ興味を持ち続けたい,楽しめた,動画から国道15号線,TikTok,楽しかった😀,いちはらこわい,毎日来て欲しい,,,None,https://build.fillout.com/editor/8mWT7r3mMeus/results?sessionId=8cea5865-2fc7-4c4b-9bef-79d908f1f53a,00631b88c256328d764b6a39af43ac7e
232bb180-dd1a-40e5-8aee-5be9b2d5ae6b,Thu Jun 05 2025 11:54:00 GMT+0900 (日本標準時),Thu Jun 05 2025 11:54:00 GMT+0900 (日本標準時),finished,Ending,慶應義塾普通部,中学3年,まあまあわかりやすかった,あまり増えなかった,勉強になった,市原くんの「お前、ふざけんなよ‼︎」,まあまあ興味を持ち続けたい,とても楽しめた,Instagram 生成画像,ないです。,楽しくメディアリテラシーを学ぶことができて楽しかった。,,,,,None,https://build.fillout.com/editor/8mWT7r3mMeus/results?sessionId=232bb180-dd1a-40e5-8aee-5be9b2d5ae6b,00631b88c256328d764b6a39af43ac7e
99d379fc-2604-43a5-8566-b042758cb77e,Thu Jun 05 2025 11:54:00 GMT+0900 (日本標準時),Thu Jun 05 2025 11:54:00 GMT+0900 (日本標準時),finished,Ending,慶應普通部,中学3年,まあまあわかりやすかった,まあまあ増えた,とても勉強になった,なんでも情報を鵜呑みにしてはいけないということ,まあまあ興味を持ち続けたい,とても楽しめた,ストリートビューで過去に遡る,ユーチューブを見ている際にトランプ大統領が言ってもいないことを喋らせられていた。aiで,とても楽しくメディアリテラシーについて知ることができた。,市原が少し怖すぎました。,歴史,,,None,https://build.fillout.com/editor/8mWT7r3mMeus/results?sessionId=99d379fc-2604-43a5-8566-b042758cb77e,00631b88c256328d764b6a39af43ac7e
b4c9b99d-3bc9-4019-9b82-5b85b515d5fd,Thu Jun 05 2025 11:54:00 GMT+0900 (日本標準時),Thu Jun 05 2025 11:54:00 GMT+0900 (日本標準時),finished,Ending,慶應普通部,中学3年,とてもわかりやすかった,まあまあ増えた,勉強になった,ゲームはまだ終わっていない,まあまあ興味を持ち続けたい,とても楽しめた,ストリートビューで過去に遡る,あまりないです。,結構難しく、注意深く読まないと気づかない間違いもあったので、楽しく、勉強になりました。,イチハラがちょっと怖かったです。,数学が難しくて勉強したいので、数学を作って欲しいです。,,,None,https://build.fillout.com/editor/8mWT7r3mMeus/results?sessionId=b4c9b99d-3bc9-4019-9b82-5b85b515d5fd,00631b88c256328d764b6a39af43ac7e
7228f080-a361-4c62-b989-7bacd607bd34,Thu Jun 05 2025 11:54:00 GMT+0900 (日本標準時),Thu Jun 05 2025 11:54:00 GMT+0900 (日本標準時),finished,Ending,慶應義塾普通部,中学3年,とてもわかりやすかった,すごく増えた,とても勉強になった,Webデザインの技術がすごかったこと。,すごく興味を持ち続けたい,とても楽しめた,Instagram 生成画像,触れてても気づけてないと思います。,,一つのタブで完結できるとやりやすいかも,古文,,,None,https://build.fillout.com/editor/8mWT7r3mMeus/results?sessionId=7228f080-a361-4c62-b989-7bacd607bd34,00631b88c256328d764b6a39af43ac7e
e6b0b20e-0bef-4c62-8f40-d32d703faabc,Thu Jun 05 2025 11:54:00 GMT+0900 (日本標準時),Thu Jun 05 2025 11:54:00 GMT+0900 (日本標準時),finished,Ending,慶應義塾普通部,中学3年,まあまあわかりやすかった,まあまあ増えた,まあまあ勉強になった,イチハラ　ケイ,まあまあ興味を持ち続けたい,とても楽しめた,イチハラ　ケイ,イチハラ　ケイ,イチハラ　ケイ,イチハラ　ケイ,イチハラ　ケイ,,,None,https://build.fillout.com/editor/8mWT7r3mMeus/results?sessionId=e6b0b20e-0bef-4c62-8f40-d32d703faabc,00631b88c256328d764b6a39af43ac7e
f03caf6a-7ccf-4741-95ec-7760528221f5,Thu Jun 05 2025 11:54:00 GMT+0900 (日本標準時),Thu Jun 05 2025 11:54:00 GMT+0900 (日本標準時),finished,Ending,慶應義塾普通部,中学3年,とてもわかりやすかった,すごく増えた,とても勉強になった,謎解きができたこと！,すごく興味を持ち続けたい,とても楽しめた,Instagram 生成画像,ないです！,世界大会に出てみたいです！,ないです！すごく面白かったです！,やっぱり、メディアリテラシーなどを学ぶ必要があると思います。これからも頑張ってください！,,,None,https://build.fillout.com/editor/8mWT7r3mMeus/results?sessionId=f03caf6a-7ccf-4741-95ec-7760528221f5,00631b88c256328d764b6a39af43ac7e
9b3942f5-0f35-4e68-86d5-47b7ded0746c,Thu Jun 05 2025 11:53:00 GMT+0900 (日本標準時),Thu Jun 05 2025 11:53:00 GMT+0900 (日本標準時),finished,Ending,慶應義塾普通部,中学3年,あまりわかりやすくなかった,まあまあ増えた,とても勉強になった,イチハラ　ケイ,すごく興味を持ち続けたい,まあまあ楽しめた,Youtube雑学,,,,,,,None,https://build.fillout.com/editor/8mWT7r3mMeus/results?sessionId=9b3942f5-0f35-4e68-86d5-47b7ded0746c,00631b88c256328d764b6a39af43ac7e
31bd4082-77fb-407a-bc3b-257a867577bc,Thu Jun 05 2025 11:53:00 GMT+0900 (日本標準時),Thu Jun 05 2025 11:53:00 GMT+0900 (日本標準時),finished,Ending,慶應普通部,中学3年,とてもわかりやすかった,すごく増えた,とても勉強になった,楽しかった,すごく興味を持ち続けたい,とても楽しめた,動画から国道15号線,ないです。,フェイクの情報なのかみんなで考えるのが楽しかった。,ないです。,英語,,,None,https://build.fillout.com/editor/8mWT7r3mMeus/results?sessionId=31bd4082-77fb-407a-bc3b-257a867577bc,00631b88c256328d764b6a39af43ac7e
7ac41d7b-1a1c-4bc0-b967-5b2680f7280c,Thu Jun 05 2025 11:53:00 GMT+0900 (日本標準時),Thu Jun 05 2025 11:53:00 GMT+0900 (日本標準時),finished,Ending,慶應義塾普通部,中学3年,とてもわかりやすかった,すごく増えた,とても勉強になった,ファクトチェック,すごく興味を持ち続けたい,とても楽しめた,少子高齢化ニュース,ない,"とてもわかりやすく簡単にフェイク動画が作れてしまう怖さを知った。
これからは信頼できるサイトの情報を使って色々なことをしようと思う。","特にない
わかりやすくよかった",サッカー,,,None,https://build.fillout.com/editor/8mWT7r3mMeus/results?sessionId=7ac41d7b-1a1c-4bc0-b967-5b2680f7280c,00631b88c256328d764b6a39af43ac7e
66d52d48-3e34-4335-8464-b2e2e53ba555,Thu Jun 05 2025 11:53:00 GMT+0900 (日本標準時),Thu Jun 05 2025 11:53:00 GMT+0900 (日本標準時),finished,Ending,慶應義塾普通部,中学3年,とてもわかりやすかった,まあまあ増えた,勉強になった,イチハラケイがいきなりキレ出したのが印象に残った。,すごく興味を持ち続けたい,とても楽しめた,Youtube雑学,全くデータがないのに根拠なく政府を批判するような動画。,,,公民。メディアリテラシーと関連させられるかもしれない。,,,None,https://build.fillout.com/editor/8mWT7r3mMeus/results?sessionId=66d52d48-3e34-4335-8464-b2e2e53ba555,00631b88c256328d764b6a39af43ac7e
86f1ec8b-8010-48b1-88de-c1fbdc561c40,Thu Jun 05 2025 11:53:00 GMT+0900 (日本標準時),Thu Jun 05 2025 11:53:00 GMT+0900 (日本標準時),finished,Ending,慶應義塾普通部,中学3年,まあまあわかりやすかった,すごく増えた,とても勉強になった,ファクトチェックの大切さがわかった。,まあまあ興味を持ち続けたい,とても楽しめた,ストリートビューで過去に遡る,ない,ゲームをして、楽しみながらファクトチェックなどの大切さがわかった。,ストーリーをもう少し増やしてほしい,心理学,,,None,https://build.fillout.com/editor/8mWT7r3mMeus/results?sessionId=86f1ec8b-8010-48b1-88de-c1fbdc561c40,00631b88c256328d764b6a39af43ac7e
bf98957a-e2ea-4efd-99f9-d756e52e1862,Thu Jun 05 2025 11:53:00 GMT+0900 (日本標準時),Thu Jun 05 2025 11:53:00 GMT+0900 (日本標準時),finished,Ending,慶應義塾普通部,中学3年,とてもわかりやすかった,まあまあ増えた,勉強になった,メディアには嘘が紛れていることが多い,すごく興味を持ち続けたい,とても楽しめた,ストリートビューで過去に遡る,ない,ない,ない,英語,,,None,https://build.fillout.com/editor/8mWT7r3mMeus/results?sessionId=bf98957a-e2ea-4efd-99f9-d756e52e1862,00631b88c256328d764b6a39af43ac7e
677280a4-421c-44de-9e99-a63c623297d5,Thu Jun 05 2025 11:52:00 GMT+0900 (日本標準時),Thu Jun 05 2025 11:52:00 GMT+0900 (日本標準時),finished,Ending,慶應義塾普通部,中学3年,まあまあわかりやすかった,あまり増えなかった,まあまあ勉強になった,特にない,まあまあ興味を持ち続けたい,まあまあ楽しめた,Instagram 生成画像,ない,特にない,特にない,古文,,,None,https://build.fillout.com/editor/8mWT7r3mMeus/results?sessionId=677280a4-421c-44de-9e99-a63c623297d5,00631b88c256328d764b6a39af43ac7e
214d1102-3750-44ce-922c-dc0b6c5273ba,Thu Jun 05 2025 11:52:00 GMT+0900 (日本標準時),Thu Jun 05 2025 11:52:00 GMT+0900 (日本標準時),finished,Ending,慶應義塾普通部,中学3年,まあまあわかりやすかった,まあまあ増えた,勉強になった,情報は疑うことから,まあまあ興味を持ち続けたい,楽しめた,ストリートビューで過去に遡る,,楽しかった,ない,社会の授業,,,None,https://build.fillout.com/editor/8mWT7r3mMeus/results?sessionId=214d1102-3750-44ce-922c-dc0b6c5273ba,00631b88c256328d764b6a39af43ac7e
53cd4eb6-2e66-4db2-89bf-173f9d50c60f,Thu Jun 05 2025 11:52:00 GMT+0900 (日本標準時),Thu Jun 05 2025 11:52:00 GMT+0900 (日本標準時),finished,Ending,慶應義塾普通部,中学3年,全然わかりやすくなかった,全然増えなかった,ぜんぜんならん！,ない,全然興味を持ち続けたくない,全く楽しめなかった,,ない、,ない。,全て,ない,,,None,https://build.fillout.com/editor/8mWT7r3mMeus/results?sessionId=53cd4eb6-2e66-4db2-89bf-173f9d50c60f,00631b88c256328d764b6a39af43ac7e
c5f43dab-cfbc-42c6-9285-fbb73166a20f,Thu Jun 05 2025 11:52:00 GMT+0900 (日本標準時),Thu Jun 05 2025 11:52:00 GMT+0900 (日本標準時),finished,Ending,慶應義塾普通部,中学3年,まあまあわかりやすかった,まあまあ増えた,勉強になった,イチハラ　ケイ,まあまあ興味を持ち続けたい,とても楽しめた,ストリートビューで過去に遡る,うそのニュースで笑いをとるサイト,イチハラケイをもう少し人に似せてください,イチハラケイをもう少し人に似せてください,国語,,,None,https://build.fillout.com/editor/8mWT7r3mMeus/results?sessionId=c5f43dab-cfbc-42c6-9285-fbb73166a20f,00631b88c256328d764b6a39af43ac7e
ad0309e1-8c6a-4e69-95b8-a1c28489e9b1,Thu Jun 05 2025 11:52:00 GMT+0900 (日本標準時),Thu Jun 05 2025 11:52:00 GMT+0900 (日本標準時),finished,Ending,慶應義塾普通部,中学3年,とてもわかりやすかった,まあまあ増えた,勉強になった,いちはらの顔が巨人すぎて怖い,まあまあ興味を持ち続けたい,とても楽しめた,Youtube雑学,ない,とても面白くてわかりやすかった。,ない,英語,,,None,https://build.fillout.com/editor/8mWT7r3mMeus/results?sessionId=ad0309e1-8c6a-4e69-95b8-a1c28489e9b1,00631b88c256328d764b6a39af43ac7e
bd7e781b-9c7b-4abe-9be8-de1c6af71c90,Thu Jun 05 2025 11:51:00 GMT+0900 (日本標準時),Thu Jun 05 2025 11:51:00 GMT+0900 (日本標準時),finished,Ending,慶應義塾普通部,中学3年,とてもわかりやすかった,すごく増えた,とても勉強になった,いちはら,すごく興味を持ち続けたい,とても楽しめた,ストリートビューで過去に遡る,スピってる人がイミフな事を動画にしている,いちはらをもう少しまともにして欲しい,,,,,None,https://build.fillout.com/editor/8mWT7r3mMeus/results?sessionId=bd7e781b-9c7b-4abe-9be8-de1c6af71c90,00631b88c256328d764b6a39af43ac7e
d5fa5a2d-243d-43b2-a709-17c1360c48bc,Thu Jun 05 2025 11:51:00 GMT+0900 (日本標準時),Thu Jun 05 2025 11:51:00 GMT+0900 (日本標準時),finished,Ending,慶應義塾普通部,中学3年,とてもわかりやすかった,まあまあ増えた,勉強になった,イチハラケイが怖かった,まあまあ興味を持ち続けたい,楽しめた,ストリートビューで過去に遡る,YouTube short などで初めて興味をそそるため、誤情報があたかも真実かのように作られていた。,これから頑張ってください。,,宇宙,,,None,https://build.fillout.com/editor/8mWT7r3mMeus/results?sessionId=d5fa5a2d-243d-43b2-a709-17c1360c48bc,00631b88c256328d764b6a39af43ac7e
4de4846b-238c-45e4-8242-0f33916eacce,Thu Jun 05 2025 11:51:00 GMT+0900 (日本標準時),Thu Jun 05 2025 11:51:00 GMT+0900 (日本標準時),finished,Ending,慶應義塾普通部,中学3年,あまりわかりやすくなかった,まあまあ増えた,勉強になった,イチハラケイが怖かった,まあまあ興味を持ち続けたい,とても楽しめた,ストリートビューで過去に遡る,詐欺メールがきたことがあります。,特にありません,白石とのメールを複数のパターンにした方がいいと思います。,社会の公民,,,None,https://build.fillout.com/editor/8mWT7r3mMeus/results?sessionId=4de4846b-238c-45e4-8242-0f33916eacce,00631b88c256328d764b6a39af43ac7e
47454cae-ac33-4391-a808-b357837a14ef,Thu Jun 05 2025 11:51:00 GMT+0900 (日本標準時),Thu Jun 05 2025 11:51:00 GMT+0900 (日本標準時),finished,Ending,慶應義塾普通部,中学3年,とてもわかりやすかった,すごく増えた,とても勉強になった,,すごく興味を持ち続けたい,とても楽しめた,ストリートビューで過去に遡る,,,,,,,None,https://build.fillout.com/editor/8mWT7r3mMeus/results?sessionId=47454cae-ac33-4391-a808-b357837a14ef,00631b88c256328d764b6a39af43ac7e
8f7c0a68-16f5-4a4a-bb69-993c24430425,Thu Jun 05 2025 11:51:00 GMT+0900 (日本標準時),Thu Jun 05 2025 11:51:00 GMT+0900 (日本標準時),finished,Ending,慶應普通部,中学2年,とてもわかりやすかった,あまり増えなかった,まあまあ勉強になった,Google map使えなくて悲しかった,まあまあ興味を持ち続けたい,楽しめた,ストリートビューで過去に遡る,可愛いお姉さんがアマギフをくれる脱毛クリニックに行ってももらえなかった,楽しかった,もっとクラスメイトがたくさんでてきて欲しかった,保健体育,,,None,https://build.fillout.com/editor/8mWT7r3mMeus/results?sessionId=8f7c0a68-16f5-4a4a-bb69-993c24430425,00631b88c256328d764b6a39af43ac7e
9d3fe1f3-93e2-4ebd-ae9e-92862479b9c6,Thu Jun 05 2025 11:51:00 GMT+0900 (日本標準時),Thu Jun 05 2025 11:51:00 GMT+0900 (日本標準時),finished,Ending,慶應義塾普通部,中学3年,まあまあわかりやすかった,まあまあ増えた,勉強になった,“”、−,まあまあ興味を持ち続けたい,楽しめた,ストリートビューで過去に遡る,AIのフェイク動画で政治家などが実際に言っていないことを言わせて批判していた。,他のキャラの出番を作ってもいいと思う。,,経済,,,None,https://build.fillout.com/editor/8mWT7r3mMeus/results?sessionId=9d3fe1f3-93e2-4ebd-ae9e-92862479b9c6,00631b88c256328d764b6a39af43ac7e
57b8bb63-11d7-41e3-be5f-9d43c75417d4,Thu Jun 05 2025 11:51:00 GMT+0900 (日本標準時),Thu Jun 05 2025 11:51:00 GMT+0900 (日本標準時),finished,Ending,慶應義塾普通部,中学3年,とてもわかりやすかった,まあまあ増えた,とても勉強になった,いちはらの顔,すごく興味を持ち続けたい,とても楽しめた,ストリートビューで過去に遡る,特にないです,とても面白かったです。,完璧なので､ないです。,特にないです。,,,None,https://build.fillout.com/editor/8mWT7r3mMeus/results?sessionId=57b8bb63-11d7-41e3-be5f-9d43c75417d4,00631b88c256328d764b6a39af43ac7e
2a81437e-47f7-48ce-bef2-fc26dd59d282,Thu Jun 05 2025 11:51:00 GMT+0900 (日本標準時),Thu Jun 05 2025 11:51:00 GMT+0900 (日本標準時),finished,Ending,慶應普通部,中学3年,まあまあわかりやすかった,まあまあ増えた,まあまあ勉強になった,白石最初から怪しくて草,あまり興味を持ち続けたくない,楽しめた,動画から国道15号線,,"白石以外が犯人の方が良いんじゃない？
（名簿の意味がないから）",所用時間に応じて特典をつけるべき,政治,,,None,https://build.fillout.com/editor/8mWT7r3mMeus/results?sessionId=2a81437e-47f7-48ce-bef2-fc26dd59d282,00631b88c256328d764b6a39af43ac7e
5c0e9230-9058-49e9-933c-80655c28a39e,Thu Jun 05 2025 11:51:00 GMT+0900 (日本標準時),Thu Jun 05 2025 11:51:00 GMT+0900 (日本標準時),finished,Ending,慶應義塾普通部,中学3年,まあまあわかりやすかった,まあまあ増えた,勉強になった,AIに画像にビルを追加させても全然違和感がなくて驚いた。,まあまあ興味を持ち続けたい,楽しめた,Instagram 生成画像,YouTube shortで雑学の動画がよく出てくる。,面白かった。もう少し長くやりたかった,もう少し長くやりたかった。,プログラミング,,,None,https://build.fillout.com/editor/8mWT7r3mMeus/results?sessionId=5c0e9230-9058-49e9-933c-80655c28a39e,00631b88c256328d764b6a39af43ac7e
2fc42b14-1c03-4c71-8bc7-4d7cda70c75b,Thu Jun 05 2025 11:51:00 GMT+0900 (日本標準時),Thu Jun 05 2025 11:51:00 GMT+0900 (日本標準時),finished,Ending,慶應義塾普通部,中学3年,まあまあわかりやすかった,まあまあ増えた,勉強になった,謎解き！,まあまあ興味を持ち続けたい,楽しめた,ストリートビューで過去に遡る,Wikipediaでスポーツ選手を調べた時に、全然違う情報が出てきた。,謎解きは面白く、僕にはかなり合う難易度でかつ勉強になったのでとても良かった。,特にないと思います。,プログラミングが好きなのでプログラミングがいいと思います。,,,None,https://build.fillout.com/editor/8mWT7r3mMeus/results?sessionId=2fc42b14-1c03-4c71-8bc7-4d7cda70c75b,00631b88c256328d764b6a39af43ac7e
c92705a7-925d-479f-85d7-9ad71c4b7c27,Thu Jun 05 2025 11:50:00 GMT+0900 (日本標準時),Thu Jun 05 2025 11:50:00 GMT+0900 (日本標準時),finished,Ending,慶應義塾普通部,中学3年,まあまあわかりやすかった,まあまあ増えた,勉強になった,イチハラが怖かった,まあまあ興味を持ち続けたい,楽しめた,ストリートビューで過去に遡る,嘘だとわかるようなショート動画などは無視,謎解きと絡めて遊びやすくしているのは良かった,メディアリテラシーとの関連性が分かりづらかった,歴史,,,None,https://build.fillout.com/editor/8mWT7r3mMeus/results?sessionId=c92705a7-925d-479f-85d7-9ad71c4b7c27,00631b88c256328d764b6a39af43ac7e
6801cb62-2705-472e-ae89-bf0bcd3fefae,Thu Jun 05 2025 11:50:00 GMT+0900 (日本標準時),Thu Jun 05 2025 11:50:00 GMT+0900 (日本標準時),finished,Ending,慶應普通部,中学3年,とてもわかりやすかった,まあまあ増えた,まあまあ勉強になった,いちはらがきもい！,まあまあ興味を持ち続けたい,まあまあ楽しめた,ストリートビューで過去に遡る,Xでよくサッカーの移籍情報が公式発表されていないのにカキーノと言うイタリアにいたサッカーの記者によって噂がでて、それが広まっている。,,,数学,,,None,https://build.fillout.com/editor/8mWT7r3mMeus/results?sessionId=6801cb62-2705-472e-ae89-bf0bcd3fefae,00631b88c256328d764b6a39af43ac7e
4d7329af-2877-462f-8d34-2f8d27ff4178,Thu Jun 05 2025 11:50:00 GMT+0900 (日本標準時),Thu Jun 05 2025 11:50:00 GMT+0900 (日本標準時),finished,Ending,慶應義塾普通部,中学3年,まあまあわかりやすかった,あまり増えなかった,勉強になった,市原けいが怖かった,まあまあ興味を持ち続けたい,とても楽しめた,ストリートビューで過去に遡る,偽情報に触れたことはあまりない,実際に調べてその情報が本当かどうか判断するのが面白かった。,サイトが多くどこにキーワードを入れればいいかわかりづらかったのでサイトの数を2、3個にまとめて欲しい,プログラミング系のものを作って欲しい,,,None,https://build.fillout.com/editor/8mWT7r3mMeus/results?sessionId=4d7329af-2877-462f-8d34-2f8d27ff4178,00631b88c256328d764b6a39af43ac7e
7e9c6e8b-cc35-46f2-af19-d779e11f7238,Thu Jun 05 2025 11:50:00 GMT+0900 (日本標準時),Thu Jun 05 2025 11:50:00 GMT+0900 (日本標準時),finished,Ending,慶應義塾普通部,中学3年,とてもわかりやすかった,すごく増えた,とても勉強になった,ファクトチェックの世界大会があること,すごく興味を持ち続けたい,とても楽しめた,Instagram 生成画像,Youtubeでとある漫画の誤情報が流れてきた,一つ一つ謎を解いていき、その間にある誤情報を見破っていくのがとても面白かった,電話がかかってくる時のイチハラが少し怖かった。,「レイのブログ」をもっと大きくしたようなもの,,,None,https://build.fillout.com/editor/8mWT7r3mMeus/results?sessionId=7e9c6e8b-cc35-46f2-af19-d779e11f7238,00631b88c256328d764b6a39af43ac7e
527be1a4-6b65-4368-b52e-4e6d98f0de7d,Thu Jun 05 2025 11:50:00 GMT+0900 (日本標準時),Thu Jun 05 2025 11:50:00 GMT+0900 (日本標準時),finished,Ending,keiof3,中学3年,とてもわかりやすかった,すごく増えた,とても勉強になった,白石やってる,すごく興味を持ち続けたい,とても楽しめた,ストリートビューで過去に遡る,東名高速道路は本当に透明だったという情報,,,プログラム,,,None,https://build.fillout.com/editor/8mWT7r3mMeus/results?sessionId=527be1a4-6b65-4368-b52e-4e6d98f0de7d,00631b88c256328d764b6a39af43ac7e
8366acce-a76b-4857-a74f-d6d890ed8269,Thu Jun 05 2025 11:50:00 GMT+0900 (日本標準時),Thu Jun 05 2025 11:50:00 GMT+0900 (日本標準時),finished,Ending,慶應普通部,中学3年,とてもわかりやすかった,まあまあ増えた,勉強になった,いちはらの電話,すごく興味を持ち続けたい,とても楽しめた,Instagram 生成画像,チャットg p tに質問したとき、誤った回答をされた。,,騙された後の展開やクリアした後をもう少しボリュームがあってもいいと思った,英語,,,None,https://build.fillout.com/editor/8mWT7r3mMeus/results?sessionId=8366acce-a76b-4857-a74f-d6d890ed8269,00631b88c256328d764b6a39af43ac7e
c6d2eeed-2e16-47de-a38d-e2697a4cc6b7,Thu Jun 05 2025 11:50:00 GMT+0900 (日本標準時),Thu Jun 05 2025 11:50:00 GMT+0900 (日本標準時),finished,Ending,慶應普通部,中学3年,とてもわかりやすかった,まあまあ増えた,とても勉強になった,Twitterでよく見るファクトチェックという言葉,まあまあ興味を持ち続けたい,楽しめた,ストリートビューで過去に遡る,Twitterでよくフェイクニュースを垂れ流すアカウントが流れてくる。,楽しかったです,,幾何,,,None,https://build.fillout.com/editor/8mWT7r3mMeus/results?sessionId=c6d2eeed-2e16-47de-a38d-e2697a4cc6b7,00631b88c256328d764b6a39af43ac7e
0354b331-6a53-438a-aed8-0d349fab8282,Thu Jun 05 2025 11:50:00 GMT+0900 (日本標準時),Thu Jun 05 2025 11:50:00 GMT+0900 (日本標準時),finished,Ending,慶應義塾普通部,中学3年,まあまあわかりやすかった,まあまあ増えた,とても勉強になった,ファクトチェックはURLで確かめることが重要,すごく興味を持ち続けたい,楽しめた,少子高齢化ニュース,ないです。,レッスンの内容が日常で使えることが多く、わかりやすかったです。,レッスンをまとめたプリントが欲しいです。,古文の文法,,,None,https://build.fillout.com/editor/8mWT7r3mMeus/results?sessionId=0354b331-6a53-438a-aed8-0d349fab8282,00631b88c256328d764b6a39af43ac7e
96fd6473-19c6-4fe9-ba02-70354d1e832a,Thu Jun 05 2025 11:50:00 GMT+0900 (日本標準時),Thu Jun 05 2025 11:49:00 GMT+0900 (日本標準時),finished,Ending,慶應義塾普通部,中学3年,とてもわかりやすかった,すごく増えた,とても勉強になった,イチハラが怖い,すごく興味を持ち続けたい,とても楽しめた,Instagram 生成画像,英単語を検索したらYahoo知恵袋で間違った答えが提示されていた。,とても面白かった。,特にない,歴史,,,None,https://build.fillout.com/editor/8mWT7r3mMeus/results?sessionId=96fd6473-19c6-4fe9-ba02-70354d1e832a,00631b88c256328d764b6a39af43ac7e
ea96a005-cdfc-45d3-93df-155c3e3bd67b,Thu Jun 05 2025 11:49:00 GMT+0900 (日本標準時),Thu Jun 05 2025 11:49:00 GMT+0900 (日本標準時),finished,Ending,慶應義塾普通部,中学3年,まあまあわかりやすかった,あまり増えなかった,とても勉強になった,ファぁくとチェック,まあまあ興味を持ち続けたい,まあまあ楽しめた,動画から国道15号線,x,ない,市原が怖い,ない,,,None,https://build.fillout.com/editor/8mWT7r3mMeus/results?sessionId=ea96a005-cdfc-45d3-93df-155c3e3bd67b,00631b88c256328d764b6a39af43ac7e
5aea2440-8acb-41a0-b67d-5c5ce44b21c8,Thu Jun 05 2025 11:49:00 GMT+0900 (日本標準時),Thu Jun 05 2025 11:49:00 GMT+0900 (日本標準時),finished,Ending,慶應義塾普通部,中学3年,とてもわかりやすかった,すごく増えた,とても勉強になった,イチハラケイ,まあまあ興味を持ち続けたい,とても楽しめた,Youtube雑学,ない,楽しかった。,ストーリー性をもっと持たせてほしい,数学Ⅱ(幾何学),,,None,https://build.fillout.com/editor/8mWT7r3mMeus/results?sessionId=5aea2440-8acb-41a0-b67d-5c5ce44b21c8,00631b88c256328d764b6a39af43ac7e
31ea2336-d8a2-456c-9a75-3b0e523c6e25,Thu Jun 05 2025 11:49:00 GMT+0900 (日本標準時),Thu Jun 05 2025 11:49:00 GMT+0900 (日本標準時),finished,Ending,慶應普通部,中学3年,とてもわかりやすかった,まあまあ増えた,勉強になった,電話,まあまあ興味を持ち続けたい,とても楽しめた,ストリートビューで過去に遡る,,,,,,,None,https://build.fillout.com/editor/8mWT7r3mMeus/results?sessionId=31ea2336-d8a2-456c-9a75-3b0e523c6e25,00631b88c256328d764b6a39af43ac7e
3904fe0d-277d-4bd9-8416-d4ad0b6a2af8,Thu Jun 05 2025 11:49:00 GMT+0900 (日本標準時),Thu Jun 05 2025 11:49:00 GMT+0900 (日本標準時),finished,Ending,慶應義塾普通部,中学3年,とてもわかりやすかった,まあまあ増えた,とても勉強になった,Googleマップが使えなかった,すごく興味を持ち続けたい,とても楽しめた,ストリートビューで過去に遡る,"あまりない
というかファクトチェックをしていないのでわからない",,,歴史,,,None,https://build.fillout.com/editor/8mWT7r3mMeus/results?sessionId=3904fe0d-277d-4bd9-8416-d4ad0b6a2af8,00631b88c256328d764b6a39af43ac7e
ea79c6a9-99a1-4208-ac36-001b4424d128,Thu Jun 05 2025 11:49:00 GMT+0900 (日本標準時),Thu Jun 05 2025 11:49:00 GMT+0900 (日本標準時),finished,Ending,慶應普通部,中学3年,とてもわかりやすかった,すごく増えた,とても勉強になった,イケメンなお兄さん,すごく興味を持ち続けたい,とても楽しめた,動画から国道15号線,TikTok,"とても勉強になったし
面白かった",もっと自分が動く要素が欲しい,なし,,,None,https://build.fillout.com/editor/8mWT7r3mMeus/results?sessionId=ea79c6a9-99a1-4208-ac36-001b4424d128,00631b88c256328d764b6a39af43ac7e
e8a76ecd-d72c-45c3-8ef5-3b23155baf86,Thu Jun 05 2025 11:49:00 GMT+0900 (日本標準時),Thu Jun 05 2025 11:49:00 GMT+0900 (日本標準時),finished,Ending,慶應義塾普通部,中学3年,とてもわかりやすかった,まあまあ増えた,勉強になった,イチハラ,まあまあ興味を持ち続けたい,とても楽しめた,Youtube雑学,友達からのライン,白石,,,,,None,https://build.fillout.com/editor/8mWT7r3mMeus/results?sessionId=e8a76ecd-d72c-45c3-8ef5-3b23155baf86,00631b88c256328d764b6a39af43ac7e
bee93eba-adce-4e0d-b247-3d1915b6457d,Thu Jun 05 2025 11:48:00 GMT+0900 (日本標準時),Thu Jun 05 2025 11:48:00 GMT+0900 (日本標準時),finished,Ending,慶應普通部,中学3年,まあまあわかりやすかった,まあまあ増えた,まあまあ勉強になった,楽しかった,まあまあ興味を持ち続けたい,楽しめた,Instagram 生成画像,なし,なし,市原があまりにもホラーすぎて、目立ちすぎるのと単純に少し怖い,なし,,,None,https://build.fillout.com/editor/8mWT7r3mMeus/results?sessionId=bee93eba-adce-4e0d-b247-3d1915b6457d,00631b88c256328d764b6a39af43ac7e
75c837e7-6656-4f3c-97d8-eec95da5cf2f,Thu Jun 05 2025 10:58:00 GMT+0900 (日本標準時),Thu Jun 05 2025 10:58:00 GMT+0900 (日本標準時),finished,Ending,慶應義塾普通部,中学3年,とてもわかりやすかった,あまり増えなかった,まあまあ勉強になった,B組に来た講師の人がmay4に似てた,全然興味を持ち続けたくない,とても楽しめた,Youtube雑学,無いです,細かいところまで作り込まれててクオリティーが高かった。これからも頑張ってほしい。,電話の声が気持ち悪い,マインクラフト,,,None,https://build.fillout.com/editor/8mWT7r3mMeus/results?sessionId=75c837e7-6656-4f3c-97d8-eec95da5cf2f,00631b88c256328d764b6a39af43ac7e
1df1914a-7e3f-42c0-9c80-72fa7a7bc81b,Thu Jun 05 2025 10:58:00 GMT+0900 (日本標準時),Thu Jun 05 2025 10:58:00 GMT+0900 (日本標準時),finished,Ending,慶應普通部,中学3年,とてもわかりやすかった,まあまあ増えた,とても勉強になった,いちはらが印象強すぎた,まあまあ興味を持ち続けたい,とても楽しめた,ストリートビューで過去に遡る,ない,イチハラとシライシ以外のモブ？の登場場面も増やした方がいいと思う,イチハラ、シライシ以外の人も登場させてほしい,歴史,,,None,https://build.fillout.com/editor/8mWT7r3mMeus/results?sessionId=1df1914a-7e3f-42c0-9c80-72fa7a7bc81b,00631b88c256328d764b6a39af43ac7e
045714ee-b173-47d1-b82f-3e21b387fc8f,Thu Jun 05 2025 10:58:00 GMT+0900 (日本標準時),Thu Jun 05 2025 10:58:00 GMT+0900 (日本標準時),finished,Ending,慶應義塾普通部,中学3年,まあまあわかりやすかった,まあまあ増えた,とても勉強になった,市原の電話,まあまあ興味を持ち続けたい,とても楽しめた,ストリートビューで過去に遡る,ラッパーが逮捕のニュース、営利目的と言われたが判決では個人的な医療目的,とても面白かった,適当に白石を打ち込んだら当たってしまったためそこを改善してほしい,その通り,,,None,https://build.fillout.com/editor/8mWT7r3mMeus/results?sessionId=045714ee-b173-47d1-b82f-3e21b387fc8f,00631b88c256328d764b6a39af43ac7e
594df354-d115-45ea-ac6d-b1d845861618,Thu Jun 05 2025 10:57:00 GMT+0900 (日本標準時),Thu Jun 05 2025 10:57:00 GMT+0900 (日本標準時),finished,Ending,慶應普通部,中学3年,とてもわかりやすかった,全然増えなかった,まあまあ勉強になった,マツダショウタ,まあまあ興味を持ち続けたい,とても楽しめた,ストリートビューで過去に遡る,認識はない,面白かったです。,もう少し他のキャラクター出してあげるといいかと思います。,歴史ゲーがいいですね！,,,None,https://build.fillout.com/editor/8mWT7r3mMeus/results?sessionId=594df354-d115-45ea-ac6d-b1d845861618,00631b88c256328d764b6a39af43ac7e
5bca39a6-1eac-46cf-9513-198e2c751109,Thu Jun 05 2025 10:57:00 GMT+0900 (日本標準時),Thu Jun 05 2025 10:57:00 GMT+0900 (日本標準時),finished,Ending,慶應義塾普通部,中学3年,まあまあわかりやすかった,まあまあ増えた,とても勉強になった,イチハラ「迷惑なんだよー！」,まあまあ興味を持ち続けたい,とても楽しめた,ストリートビューで過去に遡る,"あります。
例えば岸田元首相が喋らされている動画など。",ブログはとても面白かった。,"ブログはとても面白かった。
ただ、少し怖かったかも。",数学の問題,,,None,https://build.fillout.com/editor/8mWT7r3mMeus/results?sessionId=5bca39a6-1eac-46cf-9513-198e2c751109,00631b88c256328d764b6a39af43ac7e
2e1ed302-af9d-49fe-abdc-e138a13ad1ae,Thu Jun 05 2025 10:56:00 GMT+0900 (日本標準時),Thu Jun 05 2025 10:56:00 GMT+0900 (日本標準時),finished,Ending,慶應義塾普通部,中学3年,あまりわかりやすくなかった,まあまあ増えた,まあまあ勉強になった,ない,まあまあ興味を持ち続けたい,まあまあ楽しめた,ストリートビューで過去に遡る,ない,ない,ない,ない,,,None,https://build.fillout.com/editor/8mWT7r3mMeus/results?sessionId=2e1ed302-af9d-49fe-abdc-e138a13ad1ae,00631b88c256328d764b6a39af43ac7e
2d72fe99-2721-4682-9f96-46a307f29202,Thu Jun 05 2025 10:56:00 GMT+0900 (日本標準時),Thu Jun 05 2025 10:56:00 GMT+0900 (日本標準時),finished,Ending,慶應普通部,中学3年,とてもわかりやすかった,すごく増えた,とても勉強になった,いちはらが色々やばいと思っていたがミスリードだったこと,すごく興味を持ち続けたい,とても楽しめた,少子高齢化ニュース,なし,すごく雰囲気が良かった,いちはらの声が聞こえないです,普通のゲームを作ったらすごく流行しそう,,,None,https://build.fillout.com/editor/8mWT7r3mMeus/results?sessionId=2d72fe99-2721-4682-9f96-46a307f29202,00631b88c256328d764b6a39af43ac7e
d37f18f0-ac57-4567-beaf-06eaba703db6,Thu Jun 05 2025 10:56:00 GMT+0900 (日本標準時),Thu Jun 05 2025 10:56:00 GMT+0900 (日本標準時),finished,Ending,慶應普通部,中学3年,まあまあわかりやすかった,まあまあ増えた,勉強になった,市原からの電話,まあまあ興味を持ち続けたい,とても楽しめた,ストリートビューで過去に遡る,YouTubeで誤情報があり、コメント欄で違う情報だと思った。,謎解きが面白かった,,歴史,,,None,https://build.fillout.com/editor/8mWT7r3mMeus/results?sessionId=d37f18f0-ac57-4567-beaf-06eaba703db6,00631b88c256328d764b6a39af43ac7e
1da89d21-b568-4d62-948f-69cef620fdb6,Thu Jun 05 2025 10:56:00 GMT+0900 (日本標準時),Thu Jun 05 2025 10:56:00 GMT+0900 (日本標準時),finished,Ending,慶應義塾普通部,中学3年,まあまあわかりやすかった,まあまあ増えた,勉強になった,AIの画像生成,すごく興味を持ち続けたい,楽しめた,ストリートビューで過去に遡る,"主に報道で情報を得るので、偽情報に触れたことはないです。
報道が全て正しいとも限りませんが
",「レイのブログ」は非常によく考えられていて、すごいなと思いました,"謎解きが上手くないだけですが、もう少しわかりやすい謎だともっと楽しめたかと思います。
そのためのチャット機能だとは思いますが",歴史がとても非常に極めて本当に面白くないので、作ってみてほしいです,,,None,https://build.fillout.com/editor/8mWT7r3mMeus/results?sessionId=1da89d21-b568-4d62-948f-69cef620fdb6,00631b88c256328d764b6a39af43ac7e
27c86cc3-f9ff-4039-ab44-4229ae25fedf,Thu Jun 05 2025 10:56:00 GMT+0900 (日本標準時),Thu Jun 05 2025 10:56:00 GMT+0900 (日本標準時),finished,Ending,keiof2,中学3年,あまりわかりやすくなかった,まあまあ増えた,勉強になった,イチハラ　ケイ,まあまあ興味を持ち続けたい,楽しめた,ストリートビューで過去に遡る,"ない。または気づいていない
詐欺サイトは見たことがある","ちょっとホラーなところが良い。
内容がたまに意地悪",白石がコミュ症,歴史,,,None,https://build.fillout.com/editor/8mWT7r3mMeus/results?sessionId=27c86cc3-f9ff-4039-ab44-4229ae25fedf,00631b88c256328d764b6a39af43ac7e
8c0487e4-9d1d-4ff0-92e9-718861a1e868,Thu Jun 05 2025 10:56:00 GMT+0900 (日本標準時),Thu Jun 05 2025 10:56:00 GMT+0900 (日本標準時),finished,Ending,慶應義塾普通部,中学3年,まあまあわかりやすかった,まあまあ増えた,とても勉強になった,AIの加工技術すごい,まあまあ興味を持ち続けたい,とても楽しめた,動画から国道15号線,トランプ大統領の銃撃時の偽画像のようなものはニュースで見たことがある。,ちゃんと謎解きで楽しかった。,クイズが抽象的なところもあったので、分かりやすくしても良いかと思った。,古文と歴史を組み合わせたり,,,None,https://build.fillout.com/editor/8mWT7r3mMeus/results?sessionId=8c0487e4-9d1d-4ff0-92e9-718861a1e868,00631b88c256328d764b6a39af43ac7e
adcc0f28-ca4d-4542-a081-236a3ae8f6ec,Thu Jun 05 2025 10:56:00 GMT+0900 (日本標準時),Thu Jun 05 2025 10:56:00 GMT+0900 (日本標準時),finished,Ending,慶應義塾普通部,中学3年,とてもわかりやすかった,まあまあ増えた,まあまあ勉強になった,彼の着てる服ダサいので,まあまあ興味を持ち続けたい,とても楽しめた,Instagram 生成画像,ワザップのような匿名掲示板で,ファクトチェックをすることで果たして儲かるのか疑問に思った。,"最初の下書きから「元々」というフレーズを抜いたほうがいいかもしれない
",世界史,,,None,https://build.fillout.com/editor/8mWT7r3mMeus/results?sessionId=adcc0f28-ca4d-4542-a081-236a3ae8f6ec,00631b88c256328d764b6a39af43ac7e
c8e62eaf-07f5-47ac-b174-27892125fc26,Thu Jun 05 2025 10:56:00 GMT+0900 (日本標準時),Thu Jun 05 2025 10:56:00 GMT+0900 (日本標準時),finished,Ending,慶應義塾普通部,中学3年,とてもわかりやすかった,あまり増えなかった,とても勉強になった,AIで画像が加工できること,まあまあ興味を持ち続けたい,とても楽しめた,ストリートビューで過去に遡る,レポートを書くと時、偽情報に触れた,何をするのかわかりずらかった,何を探すのか、明確にしてほしい,簿記,,,None,https://build.fillout.com/editor/8mWT7r3mMeus/results?sessionId=c8e62eaf-07f5-47ac-b174-27892125fc26,00631b88c256328d764b6a39af43ac7e
fca9c73d-c387-42fd-967d-07d37abb9ee1,Thu Jun 05 2025 10:55:00 GMT+0900 (日本標準時),Thu Jun 05 2025 10:55:00 GMT+0900 (日本標準時),finished,Ending,慶應義塾普通部,中学3年,まあまあわかりやすかった,まあまあ増えた,とても勉強になった,市原の電話が怖かった,あまり興味を持ち続けたくない,楽しめた,Youtube雑学,ない,白石が犯人なのが面白かった,特にない,英語,,,None,https://build.fillout.com/editor/8mWT7r3mMeus/results?sessionId=fca9c73d-c387-42fd-967d-07d37abb9ee1,00631b88c256328d764b6a39af43ac7e
1fb58d81-f148-4be2-bb0d-7f962acbf77d,Thu Jun 05 2025 10:55:00 GMT+0900 (日本標準時),Thu Jun 05 2025 10:55:00 GMT+0900 (日本標準時),finished,Ending,慶應普通部,中学3年,まあまあわかりやすかった,まあまあ増えた,とても勉強になった,本当そうなYouTubeの雑学が嘘だったこと,まあまあ興味を持ち続けたい,とても楽しめた,ストリートビューで過去に遡る,ない。または気づいていない,謎解きが難しすぎず簡単すぎずよかったです。,なし,古文の暗記などをもっと楽しみやすくしてほしいです！,,,None,https://build.fillout.com/editor/8mWT7r3mMeus/results?sessionId=1fb58d81-f148-4be2-bb0d-7f962acbf77d,00631b88c256328d764b6a39af43ac7e
0b33e483-74c6-4483-8bb3-8f452ffd60f7,Thu Jun 05 2025 10:55:00 GMT+0900 (日本標準時),Thu Jun 05 2025 10:55:00 GMT+0900 (日本標準時),finished,Ending,慶應義塾普通部,中学3年,まあまあわかりやすかった,まあまあ増えた,まあまあ勉強になった,「迷惑なんだよー」,まあまあ興味を持ち続けたい,楽しめた,Youtube雑学,TIKTOK,Omosirokatta,バグが起こっていたのでそこは改善してほしい,保健,,,None,https://build.fillout.com/editor/8mWT7r3mMeus/results?sessionId=0b33e483-74c6-4483-8bb3-8f452ffd60f7,00631b88c256328d764b6a39af43ac7e
fb2508cc-ebf8-49ae-a947-27986ff65ff7,Thu Jun 05 2025 10:55:00 GMT+0900 (日本標準時),Thu Jun 05 2025 10:55:00 GMT+0900 (日本標準時),finished,Ending,慶應義塾普通部,中学3年,まあまあわかりやすかった,まあまあ増えた,勉強になった,イチハラケイからの電話,まあまあ興味を持ち続けたい,楽しめた,Instagram 生成画像,ありません,謎解きが面白かったです,ないと思います,"理科のゲーム？見たいのを作って欲しいです。
",,,None,https://build.fillout.com/editor/8mWT7r3mMeus/results?sessionId=fb2508cc-ebf8-49ae-a947-27986ff65ff7,00631b88c256328d764b6a39af43ac7e
415a7097-ec4d-4ac5-b8c1-584829c2859f,Thu Jun 05 2025 10:55:00 GMT+0900 (日本標準時),Thu Jun 05 2025 10:55:00 GMT+0900 (日本標準時),finished,Ending,慶應義塾普通部,中学3年,あまりわかりやすくなかった,あまり増えなかった,まあまあ勉強になった,イチハラくんとの電話,すごく興味を持ち続けたい,楽しめた,ストリートビューで過去に遡る,Youtubeの動画,LINEのテンポが悪い,特にありません,湿度自動計算機,,,None,https://build.fillout.com/editor/8mWT7r3mMeus/results?sessionId=415a7097-ec4d-4ac5-b8c1-584829c2859f,00631b88c256328d764b6a39af43ac7e
6088bbcc-6cad-4186-81fd-2350bfcfe1c4,Thu Jun 05 2025 10:55:00 GMT+0900 (日本標準時),Thu Jun 05 2025 10:55:00 GMT+0900 (日本標準時),finished,Ending,慶應義塾普通部,中学3年,まあまあわかりやすかった,まあまあ増えた,勉強になった,市原の電話,まあまあ興味を持ち続けたい,楽しめた,Youtube雑学,触れたことはない,メディアリテラシーのことをゲーム感覚で学ぶことができてよかった。,特にないです,歴史の暗記することについて（年号とか人名とか）,,,None,https://build.fillout.com/editor/8mWT7r3mMeus/results?sessionId=6088bbcc-6cad-4186-81fd-2350bfcfe1c4,00631b88c256328d764b6a39af43ac7e
77866856-989b-4396-95e9-c5011375ebc8,Thu Jun 05 2025 10:55:00 GMT+0900 (日本標準時),Thu Jun 05 2025 10:55:00 GMT+0900 (日本標準時),finished,Ending,慶應義塾普通部,中学3年,まあまあわかりやすかった,あまり増えなかった,勉強になった,お前〜マージ↑でふざけんなヨー　迷惑なんだよ↑↑,まあまあ興味を持ち続けたい,まあまあ楽しめた,Youtube雑学,偽アカウント,特になし,特になし,現代社会,,,None,https://build.fillout.com/editor/8mWT7r3mMeus/results?sessionId=77866856-989b-4396-95e9-c5011375ebc8,00631b88c256328d764b6a39af43ac7e
21cc745c-943f-4828-b6e8-7eb11fc496f6,Thu Jun 05 2025 10:54:00 GMT+0900 (日本標準時),Thu Jun 05 2025 10:54:00 GMT+0900 (日本標準時),finished,Ending,慶應義塾普通部,中学3年,とてもわかりやすかった,すごく増えた,とても勉強になった,電話がかかってきたところ,すごく興味を持ち続けたい,とても楽しめた,Youtube雑学,なし,インターネットを使い今あるものでゲームができて面白かった,なし,歴史,,,None,https://build.fillout.com/editor/8mWT7r3mMeus/results?sessionId=21cc745c-943f-4828-b6e8-7eb11fc496f6,00631b88c256328d764b6a39af43ac7e
a0d7a93b-024d-4783-8bb7-8def2ba778c7,Thu Jun 05 2025 10:54:00 GMT+0900 (日本標準時),Thu Jun 05 2025 10:54:00 GMT+0900 (日本標準時),finished,Ending,慶應義塾普通部,中学3年,まあまあわかりやすかった,まあまあ増えた,勉強になった,イチハラ　ケイの電話,まあまあ興味を持ち続けたい,楽しめた,ストリートビューで過去に遡る,無い,,,プログラミング,,,None,https://build.fillout.com/editor/8mWT7r3mMeus/results?sessionId=a0d7a93b-024d-4783-8bb7-8def2ba778c7,00631b88c256328d764b6a39af43ac7e
e15b1bdd-0b55-4cb9-957c-a92480db9b09,Thu Jun 05 2025 10:54:00 GMT+0900 (日本標準時),Thu Jun 05 2025 10:54:00 GMT+0900 (日本標準時),finished,Ending,慶應義塾普通部,中学3年,まあまあわかりやすかった,あまり増えなかった,ぜんぜんならん！,ﾒｲﾜｸﾅﾝﾀﾞﾖｵﾏｴｰ,まあまあ興味を持ち続けたい,まあまあ楽しめた,Instagram 生成画像,ゲームの豆知識,終わりが簡単にわかる,"イチハラの登場を増やす。
勘で白石と打ってクリアするのを防ぐ",音楽,,,None,https://build.fillout.com/editor/8mWT7r3mMeus/results?sessionId=e15b1bdd-0b55-4cb9-957c-a92480db9b09,00631b88c256328d764b6a39af43ac7e
caebc56f-5f8f-4755-8baa-af03b9487764,Thu Jun 05 2025 10:54:00 GMT+0900 (日本標準時),Thu Jun 05 2025 10:54:00 GMT+0900 (日本標準時),finished,Ending,慶應普通部,中学3年,とてもわかりやすかった,すごく増えた,とても勉強になった,市原の電話,すごく興味を持ち続けたい,とても楽しめた,Youtube雑学,悪意はないと思うがゲームの更新内容の予想。,,,プログラミング、公民、数学II,,,None,https://build.fillout.com/editor/8mWT7r3mMeus/results?sessionId=caebc56f-5f8f-4755-8baa-af03b9487764,00631b88c256328d764b6a39af43ac7e
142f54c1-25ae-4e3c-8072-d47451c09a15,Thu Jun 05 2025 10:54:00 GMT+0900 (日本標準時),Thu Jun 05 2025 10:54:00 GMT+0900 (日本標準時),finished,Ending,慶應義塾普通部,中学3年,まあまあわかりやすかった,まあまあ増えた,勉強になった,イチハラ,まあまあ興味を持ち続けたい,とても楽しめた,Instagram 生成画像,電話会社を装った迷惑メール,面白い,特になし,数学,,,None,https://build.fillout.com/editor/8mWT7r3mMeus/results?sessionId=142f54c1-25ae-4e3c-8072-d47451c09a15,00631b88c256328d764b6a39af43ac7e
92a94c20-ad4e-4d49-891c-11035740c47c,Thu Jun 05 2025 10:54:00 GMT+0900 (日本標準時),Thu Jun 05 2025 10:54:00 GMT+0900 (日本標準時),finished,Ending,普通部,中学3年,とてもわかりやすかった,すごく増えた,とても勉強になった,いちはらが面白かったこと,すごく興味を持ち続けたい,とても楽しめた,少子高齢化ニュース,なし,なし,なし,囲碁,,,None,https://build.fillout.com/editor/8mWT7r3mMeus/results?sessionId=92a94c20-ad4e-4d49-891c-11035740c47c,00631b88c256328d764b6a39af43ac7e
00d51a5b-bbd8-4d3b-aa8c-67e6cf66dbd5,Thu Jun 05 2025 10:54:00 GMT+0900 (日本標準時),Thu Jun 05 2025 10:54:00 GMT+0900 (日本標準時),finished,Ending,慶應義塾普通部,中学3年,とてもわかりやすかった,すごく増えた,とても勉強になった,イチハラケイ,すごく興味を持ち続けたい,とても楽しめた,ストリートビューで過去に遡る,,,,,,,None,https://build.fillout.com/editor/8mWT7r3mMeus/results?sessionId=00d51a5b-bbd8-4d3b-aa8c-67e6cf66dbd5,00631b88c256328d764b6a39af43ac7e
74b15a3a-f8f1-428d-aa32-ba5f8944c83e,Thu Jun 05 2025 10:53:00 GMT+0900 (日本標準時),Thu Jun 05 2025 10:53:00 GMT+0900 (日本標準時),finished,Ending,慶應義塾普通部,中学3年,あまりわかりやすくなかった,全然増えなかった,まあまあ勉強になった,難しかった,あまり興味を持ち続けたくない,まあまあ楽しめた,Instagram 生成画像,ない,,,,,,None,https://build.fillout.com/editor/8mWT7r3mMeus/results?sessionId=74b15a3a-f8f1-428d-aa32-ba5f8944c83e,00631b88c256328d764b6a39af43ac7e
fbd89aa0-cbfd-483d-aa1a-800726b33f2e,Thu Jun 05 2025 10:53:00 GMT+0900 (日本標準時),Thu Jun 05 2025 10:53:00 GMT+0900 (日本標準時),finished,Ending,慶應普通部,中学3年,まあまあわかりやすかった,まあまあ増えた,勉強になった,黒幕が白石だったこと,まあまあ興味を持ち続けたい,楽しめた,ストリートビューで過去に遡る,TikTokででまかせがあった,ガイドをもう少し増やして欲しかった,ガイドを増やす,歴史,,,None,https://build.fillout.com/editor/8mWT7r3mMeus/results?sessionId=fbd89aa0-cbfd-483d-aa1a-800726b33f2e,00631b88c256328d764b6a39af43ac7e
267e8dff-4b9a-485d-8fde-a201c5184e8e,Thu Jun 05 2025 10:52:00 GMT+0900 (日本標準時),Thu Jun 05 2025 10:52:00 GMT+0900 (日本標準時),finished,Ending,慶應義塾普通部,中学3年,とてもわかりやすかった,すごく増えた,とても勉強になった,白石の電話,すごく興味を持ち続けたい,とても楽しめた,Youtube雑学,,,,,,,None,https://build.fillout.com/editor/8mWT7r3mMeus/results?sessionId=267e8dff-4b9a-485d-8fde-a201c5184e8e,00631b88c256328d764b6a39af43ac7e
b9d02893-6057-40cc-86bc-38f1e264e633,Thu Jun 05 2025 10:45:00 GMT+0900 (日本標準時),Thu Jun 05 2025 10:45:00 GMT+0900 (日本標準時),finished,Ending,慶應義塾普通部,中学3年,とてもわかりやすかった,すごく増えた,とても勉強になった,ローラーはずるい,すごく興味を持ち続けたい,とても楽しめた,Instagram 生成画像,熊本の地震の時、ライオンが脱走したみたいな誤情報を見た,,,,,,None,https://build.fillout.com/editor/8mWT7r3mMeus/results?sessionId=b9d02893-6057-40cc-86bc-38f1e264e633,00631b88c256328d764b6a39af43ac7e
25c90c74-8fb4-4c51-95ae-50e300a6a778,Thu Jun 05 2025 10:31:00 GMT+0900 (日本標準時),Thu Jun 05 2025 10:31:00 GMT+0900 (日本標準時),finished,Ending,慶應普通部,中学3年,とてもわかりやすかった,すごく増えた,とても勉強になった,誤情報がとても多いということ,まあまあ興味を持ち続けたい,楽しめた,動画から国道15号線,ない,特にないです,ないです,歴史,,,None,https://build.fillout.com/editor/8mWT7r3mMeus/results?sessionId=25c90c74-8fb4-4c51-95ae-50e300a6a778,00631b88c256328d764b6a39af43ac7e
c0b668b6-ec6e-401e-8306-0516a80e53e0,Thu Jun 05 2025 09:54:00 GMT+0900 (日本標準時),Thu Jun 05 2025 09:54:00 GMT+0900 (日本標準時),finished,Ending,慶應普通部,中学3年,とてもわかりやすかった,まあまあ増えた,勉強になった,しらいし,まあまあ興味を持ち続けたい,とても楽しめた,ストリートビューで過去に遡る,先生のここテストに出すぞー,たのしかった,,,,,None,https://build.fillout.com/editor/8mWT7r3mMeus/results?sessionId=c0b668b6-ec6e-401e-8306-0516a80e53e0,00631b88c256328d764b6a39af43ac7e
c1e713df-902c-43eb-a5eb-d4a4d8e454b9,Thu Jun 05 2025 09:10:00 GMT+0900 (日本標準時),Thu Jun 05 2025 09:10:00 GMT+0900 (日本標準時),finished,Ending,慶應義塾普通部,中学3年,あまりわかりやすくなかった,あまり増えなかった,ぜんぜんならん！,市原氏のビデオ動画が心に残った。,まあまあ興味を持ち続けたい,まあまあ楽しめた,ストリートビューで過去に遡る,Twitterで、トランプ氏が日本のメディアを罵倒したという誤情報が広まっていた。,かなり難しい。,白石がレイだということが少しバレバレすぎたので、改善して欲しい。,戦争系のゲーム(地理と歴史),,,None,https://build.fillout.com/editor/8mWT7r3mMeus/results?sessionId=c1e713df-902c-43eb-a5eb-d4a4d8e454b9,00631b88c256328d764b6a39af43ac7e
0a7e7211-e7fd-4899-bdc0-fe1fec5ac63b,Thu Jun 05 2025 09:08:00 GMT+0900 (日本標準時),Thu Jun 05 2025 09:08:00 GMT+0900 (日本標準時),finished,Ending,慶応普通部,中学3年,まあまあわかりやすかった,まあまあ増えた,勉強になった,,まあまあ興味を持ち続けたい,楽しめた,ストリートビューで過去に遡る,XやYouTubeなどで、古い動画が最近のことのように映されている。,"自然と間違いを探し、調べていた
",なし,古文,,,None,https://build.fillout.com/editor/8mWT7r3mMeus/results?sessionId=0a7e7211-e7fd-4899-bdc0-fe1fec5ac63b,00631b88c256328d764b6a39af43ac7e
d52c2dc1-3c1f-49f1-8b14-9241a248c597,Thu Jun 05 2025 09:08:00 GMT+0900 (日本標準時),Thu Jun 05 2025 09:08:00 GMT+0900 (日本標準時),finished,Ending,慶應義塾普通部,中学3年,まあまあわかりやすかった,まあまあ増えた,まあまあ勉強になった,AI危ないなって思った。,すごく興味を持ち続けたい,まあまあ楽しめた,Youtube雑学,自分がよく知っている人の誤情報に小学生のときに触れた。,賞金が欲しい。,,,,,None,https://build.fillout.com/editor/8mWT7r3mMeus/results?sessionId=d52c2dc1-3c1f-49f1-8b14-9241a248c597,00631b88c256328d764b6a39af43ac7e
05483582-7d28-46c2-969a-6555b705bea1,Thu Jun 05 2025 09:06:00 GMT+0900 (日本標準時),Thu Jun 05 2025 09:06:00 GMT+0900 (日本標準時),finished,Ending,慶應義塾普通部,中学3年,まあまあわかりやすかった,まあまあ増えた,勉強になった,AIが簡単に悪用される危険性があることに改めて気付かされました。,すごく興味を持ち続けたい,楽しめた,動画から国道15号線,ネットの記事で間違った統計を出しているものがありました。,ネットリテラシーについて興味を持つことができて面白かった。,,歴史,,,None,https://build.fillout.com/editor/8mWT7r3mMeus/results?sessionId=05483582-7d28-46c2-969a-6555b705bea1,00631b88c256328d764b6a39af43ac7e
a748fb57-3f17-4c9e-b764-6870b94db188,Thu Jun 05 2025 09:06:00 GMT+0900 (日本標準時),Thu Jun 05 2025 09:06:00 GMT+0900 (日本標準時),finished,Ending,慶應義塾普通部,中学3年,とてもわかりやすかった,すごく増えた,とても勉強になった,ファクトチェックについて深く理解できた。,すごく興味を持ち続けたい,とても楽しめた,イチハラケイ,特にないと思うが、もしかしたら自分が気付かないうちに誤情報に触れていたかもしれない。,今までやってきた謎解きゲームとはひと味違う内容でとても楽しむことができた。,今の状態で完璧だと思う。,座学は退屈なものが多いため色々な分野で作ってみてほしい。,,,None,https://build.fillout.com/editor/8mWT7r3mMeus/results?sessionId=a748fb57-3f17-4c9e-b764-6870b94db188,00631b88c256328d764b6a39af43ac7e
62a8b392-bd87-44cd-9d82-265093b83358,Thu Jun 05 2025 09:06:00 GMT+0900 (日本標準時),Thu Jun 05 2025 09:06:00 GMT+0900 (日本標準時),finished,Ending,慶應義塾普通部,中学3年,とてもわかりやすかった,まあまあ増えた,まあまあ勉強になった,AIの画像作成,まあまあ興味を持ち続けたい,とても楽しめた,Instagram 生成画像,TikTokの広告,楽しかったです,特にない,すうがく,,,None,https://build.fillout.com/editor/8mWT7r3mMeus/results?sessionId=62a8b392-bd87-44cd-9d82-265093b83358,00631b88c256328d764b6a39af43ac7e
53b0399b-eda2-4d67-9c5b-af92514d1631,Thu Jun 05 2025 09:06:00 GMT+0900 (日本標準時),Thu Jun 05 2025 09:06:00 GMT+0900 (日本標準時),finished,Ending,慶應義塾普通部,中学3年,あまりわかりやすくなかった,全然増えなかった,ぜんぜんならん！,🤓ふざけんじゃーねよ！何が楽しいんだよ！,まあまあ興味を持ち続けたい,全く楽しめなかった,いちはら,海外サッカーの移籍情報,,,国語数学理科社会,,,None,https://build.fillout.com/editor/8mWT7r3mMeus/results?sessionId=53b0399b-eda2-4d67-9c5b-af92514d1631,00631b88c256328d764b6a39af43ac7e
bc4fbed0-032f-4fe5-acae-3468353efd47,Thu Jun 05 2025 09:06:00 GMT+0900 (日本標準時),Thu Jun 05 2025 09:06:00 GMT+0900 (日本標準時),finished,Ending,慶應義塾普通部,中学3年,まあまあわかりやすかった,まあまあ増えた,勉強になった,いちはら,まあまあ興味を持ち続けたい,楽しめた,ストリートビューで過去に遡る,特にない,黒幕の予想が大体最初にわかってしまった,キャラクターのデザインをもう少し工夫してみてください,特にない,,,None,https://build.fillout.com/editor/8mWT7r3mMeus/results?sessionId=bc4fbed0-032f-4fe5-acae-3468353efd47,00631b88c256328d764b6a39af43ac7e
bda65f3f-7569-4de3-8d1b-6015df690e60,Thu Jun 05 2025 09:06:00 GMT+0900 (日本標準時),Thu Jun 05 2025 09:06:00 GMT+0900 (日本標準時),finished,Ending,慶應義塾普通部,中学3年,とてもわかりやすかった,すごく増えた,とても勉強になった,イチハラの電話,すごく興味を持ち続けたい,とても楽しめた,ストリートビューで過去に遡る,ゲームの裏技みたいなYouTubeの動画で全く事実ではなかった,楽しかった,,コンピューターの授業,,,None,https://build.fillout.com/editor/8mWT7r3mMeus/results?sessionId=bda65f3f-7569-4de3-8d1b-6015df690e60,00631b88c256328d764b6a39af43ac7e
abf457ca-2af3-4bdf-8074-f5619afec9a0,Thu Jun 05 2025 09:06:00 GMT+0900 (日本標準時),Thu Jun 05 2025 09:06:00 GMT+0900 (日本標準時),finished,Ending,慶應義塾普通部,中学3年,とてもわかりやすかった,まあまあ増えた,勉強になった,Google mapで過去に遡れると知ったこと,まあまあ興味を持ち続けたい,とても楽しめた,ストリートビューで過去に遡る,なし,なし,Google mapで過去に遡る機能が使えなかったので、他にも使えるものを増やせるといいのかなと思います。,古文の用言の活用形の学習,,,None,https://build.fillout.com/editor/8mWT7r3mMeus/results?sessionId=abf457ca-2af3-4bdf-8074-f5619afec9a0,00631b88c256328d764b6a39af43ac7e
5c8210c8-eebe-48e5-bf30-afb28a1610bb,Thu Jun 05 2025 09:06:00 GMT+0900 (日本標準時),Thu Jun 05 2025 09:06:00 GMT+0900 (日本標準時),finished,Ending,慶應義塾普通部,中学3年,まあまあわかりやすかった,まあまあ増えた,とても勉強になった,ファクトチェック,まあまあ興味を持ち続けたい,楽しめた,Instagram 生成画像,ない,またレイのブログをやりたい。,説明を増やして欲しい,国語,,,None,https://build.fillout.com/editor/8mWT7r3mMeus/results?sessionId=5c8210c8-eebe-48e5-bf30-afb28a1610bb,00631b88c256328d764b6a39af43ac7e
449a1d07-d984-4791-9da6-881d4b2e0285,Thu Jun 05 2025 09:05:00 GMT+0900 (日本標準時),Thu Jun 05 2025 09:05:00 GMT+0900 (日本標準時),finished,Ending,慶應義塾普通部,中学3年,まあまあわかりやすかった,まあまあ増えた,ぜんぜんならん！,いちはら,まあまあ興味を持ち続けたい,とても楽しめた,動画から国道15号線,宗教勧誘,いちはらキモすぎ,いちはらの顔,英語,,,None,https://build.fillout.com/editor/8mWT7r3mMeus/results?sessionId=449a1d07-d984-4791-9da6-881d4b2e0285,00631b88c256328d764b6a39af43ac7e
8c134348-f095-4159-a609-c60ddd861028,Thu Jun 05 2025 09:05:00 GMT+0900 (日本標準時),Thu Jun 05 2025 09:05:00 GMT+0900 (日本標準時),finished,Ending,慶應義塾普通部,中学3年,とてもわかりやすかった,すごく増えた,とても勉強になった,ファクトチェックの世界大会があるということ。,すごく興味を持ち続けたい,とても楽しめた,ストリートビューで過去に遡る,特になし,特になし,特になし,公民,,,None,https://build.fillout.com/editor/8mWT7r3mMeus/results?sessionId=8c134348-f095-4159-a609-c60ddd861028,00631b88c256328d764b6a39af43ac7e
2ec120c6-61f3-476a-ba88-79c979d829a7,Thu Jun 05 2025 09:05:00 GMT+0900 (日本標準時),Thu Jun 05 2025 09:05:00 GMT+0900 (日本標準時),finished,Ending,慶應義塾普通部,中学3年,とてもわかりやすかった,まあまあ増えた,とても勉強になった,ファクトチェック,すごく興味を持ち続けたい,とても楽しめた,Youtube雑学,YouTubeショートを見ている時,本当の整形外科を使っているのがすごいと思いました,,数学　因数分解,,,None,https://build.fillout.com/editor/8mWT7r3mMeus/results?sessionId=2ec120c6-61f3-476a-ba88-79c979d829a7,00631b88c256328d764b6a39af43ac7e
212aec05-3787-40ba-84c9-601e123859eb,Thu Jun 05 2025 09:05:00 GMT+0900 (日本標準時),Thu Jun 05 2025 09:05:00 GMT+0900 (日本標準時),finished,Ending,慶應義塾普通部,中学3年,とてもわかりやすかった,まあまあ増えた,勉強になった,AIによる画像偽装,まあまあ興味を持ち続けたい,とても楽しめた,Instagram 生成画像,なかった。,答えに辿り着いたと思ってもまだ終わっていなくて、最後まで楽しめた。,特になかった。,プログラミングについて作ってほしい。,,,None,https://build.fillout.com/editor/8mWT7r3mMeus/results?sessionId=212aec05-3787-40ba-84c9-601e123859eb,00631b88c256328d764b6a39af43ac7e
5d6f591a-63e5-4221-a7c1-3761ef1a264d,Thu Jun 05 2025 09:05:00 GMT+0900 (日本標準時),Thu Jun 05 2025 09:05:00 GMT+0900 (日本標準時),finished,Ending,慶應義塾普通部,中学2年,まあまあわかりやすかった,まあまあ増えた,勉強になった,白石キモい,まあまあ興味を持ち続けたい,とても楽しめた,ストリートビューで過去に遡る,ない,楽しかった,特にないですとても良かったです。,数学,,,None,https://build.fillout.com/editor/8mWT7r3mMeus/results?sessionId=5d6f591a-63e5-4221-a7c1-3761ef1a264d,00631b88c256328d764b6a39af43ac7e
b4e8fbb5-d3a8-4147-bc09-c2d3ea2b9643,Thu Jun 05 2025 09:05:00 GMT+0900 (日本標準時),Thu Jun 05 2025 09:05:00 GMT+0900 (日本標準時),finished,Ending,慶應義塾普通部,中学3年,とてもわかりやすかった,まあまあ増えた,勉強になった,黒幕は白石,まあまあ興味を持ち続けたい,楽しめた,動画から国道15号線,なし,楽しかった,なし,ぷろぐらみんぐ,,,None,https://build.fillout.com/editor/8mWT7r3mMeus/results?sessionId=b4e8fbb5-d3a8-4147-bc09-c2d3ea2b9643,00631b88c256328d764b6a39af43ac7e
492f2e7f-e826-4358-8d6b-718f70ac7cfa,Thu Jun 05 2025 09:05:00 GMT+0900 (日本標準時),Thu Jun 05 2025 09:05:00 GMT+0900 (日本標準時),finished,Ending,慶應義塾普通部,中学3年,とてもわかりやすかった,まあまあ増えた,まあまあ勉強になった,位置特定,まあまあ興味を持ち続けたい,とても楽しめた,ストリートビューで過去に遡る,ニュースで偽情報が流れていると知った。,謎解きが楽しかったです,,,,,None,https://build.fillout.com/editor/8mWT7r3mMeus/results?sessionId=492f2e7f-e826-4358-8d6b-718f70ac7cfa,00631b88c256328d764b6a39af43ac7e
cb58f88b-ad1c-437f-be70-d4f51f74f5b4,Thu Jun 05 2025 09:04:00 GMT+0900 (日本標準時),Thu Jun 05 2025 09:04:00 GMT+0900 (日本標準時),finished,Ending,慶應義塾普通部,中学3年,とてもわかりやすかった,まあまあ増えた,とても勉強になった,デマが広がるのは怖いと思った。,まあまあ興味を持ち続けたい,とても楽しめた,動画から国道15号線,ない,楽しかった,特になし,歴史に関すること,,,None,https://build.fillout.com/editor/8mWT7r3mMeus/results?sessionId=cb58f88b-ad1c-437f-be70-d4f51f74f5b4,00631b88c256328d764b6a39af43ac7e
121c2e06-8dd9-42eb-8944-549de042c1af,Thu Jun 05 2025 09:04:00 GMT+0900 (日本標準時),Thu Jun 05 2025 09:04:00 GMT+0900 (日本標準時),finished,Ending,慶應普通部,中学3年,まあまあわかりやすかった,まあまあ増えた,勉強になった,イチハラの電話,まあまあ興味を持ち続けたい,楽しめた,イチハラ,ない,楽しかったです,,,,,None,https://build.fillout.com/editor/8mWT7r3mMeus/results?sessionId=121c2e06-8dd9-42eb-8944-549de042c1af,00631b88c256328d764b6a39af43ac7e
2944a42d-a31e-46c8-803e-9ed64597dc6d,Thu Jun 05 2025 09:04:00 GMT+0900 (日本標準時),Thu Jun 05 2025 09:04:00 GMT+0900 (日本標準時),finished,Ending,慶應普通部,中学3年,まあまあわかりやすかった,まあまあ増えた,勉強になった,ファストチェック,まあまあ興味を持ち続けたい,とても楽しめた,Instagram 生成画像,特になし,楽しかった。,なし,歴史について,,,None,https://build.fillout.com/editor/8mWT7r3mMeus/results?sessionId=2944a42d-a31e-46c8-803e-9ed64597dc6d,00631b88c256328d764b6a39af43ac7e
96c34920-ffcb-4d3f-8455-d98531f5f413,Thu Jun 05 2025 09:04:00 GMT+0900 (日本標準時),Thu Jun 05 2025 09:04:00 GMT+0900 (日本標準時),finished,Ending,慶應義塾普通部,中学3年,とてもわかりやすかった,まあまあ増えた,とても勉強になった,白石,すごく興味を持ち続けたい,とても楽しめた,Youtube雑学,ない,なし,なし,プログラミング,,,None,https://build.fillout.com/editor/8mWT7r3mMeus/results?sessionId=96c34920-ffcb-4d3f-8455-d98531f5f413,00631b88c256328d764b6a39af43ac7e
c77fc8fd-f2e9-4469-8e92-f9fca02e12d2,Thu Jun 05 2025 09:04:00 GMT+0900 (日本標準時),Thu Jun 05 2025 09:04:00 GMT+0900 (日本標準時),finished,Ending,慶應義塾普通部,中学3年,とてもわかりやすかった,すごく増えた,とても勉強になった,,まあまあ興味を持ち続けたい,とても楽しめた,少子高齢化ニュース,,,,,,,None,https://build.fillout.com/editor/8mWT7r3mMeus/results?sessionId=c77fc8fd-f2e9-4469-8e92-f9fca02e12d2,00631b88c256328d764b6a39af43ac7e
f45fdcdc-ad81-4a01-b2cf-ad7583cdb38b,Thu Jun 05 2025 09:03:00 GMT+0900 (日本標準時),Thu Jun 05 2025 09:03:00 GMT+0900 (日本標準時),finished,Ending,慶應義塾普通部,中学3年,とてもわかりやすかった,すごく増えた,とても勉強になった,ファクトチェックのだいじさ,すごく興味を持ち続けたい,楽しめた,少子高齢化ニュース,ない,,,歴史,,,None,https://build.fillout.com/editor/8mWT7r3mMeus/results?sessionId=f45fdcdc-ad81-4a01-b2cf-ad7583cdb38b,00631b88c256328d764b6a39af43ac7e
dda27281-c7c6-428a-9f31-0d2a21b66eb8,Thu Jun 05 2025 09:03:00 GMT+0900 (日本標準時),Thu Jun 05 2025 09:03:00 GMT+0900 (日本標準時),finished,Ending,慶應普通部,中学3年,とてもわかりやすかった,まあまあ増えた,勉強になった,楽しかった,まあまあ興味を持ち続けたい,とても楽しめた,ストリートビューで過去に遡る,ない,,,,,,None,https://build.fillout.com/editor/8mWT7r3mMeus/results?sessionId=dda27281-c7c6-428a-9f31-0d2a21b66eb8,00631b88c256328d764b6a39af43ac7e
362c4af0-1fa1-4775-b0c3-7e5640b89559,Thu Jun 05 2025 07:52:00 GMT+0900 (日本標準時),Thu Jun 05 2025 07:52:00 GMT+0900 (日本標準時),finished,Ending,慶應義塾普通部,中学3年,まあまあわかりやすかった,まあまあ増えた,勉強になった,Googleマップの昔に戻る機能,まあまあ興味を持ち続けたい,とても楽しめた,Instagram 生成画像,ない,授業が楽しかった,ない,プログラミング,,,None,https://build.fillout.com/editor/8mWT7r3mMeus/results?sessionId=362c4af0-1fa1-4775-b0c3-7e5640b89559,a76291cdaf79d0fdf6a3bf39f0fe10b6
afa3beb8-7603-4831-b818-1f59801398e4,Thu Jun 05 2025 06:59:00 GMT+0900 (日本標準時),Thu Jun 05 2025 06:59:00 GMT+0900 (日本標準時),finished,Ending,慶應義塾普通部,中学3年,とてもわかりやすかった,すごく増えた,とても勉強になった,第一次情報が大切,すごく興味を持ち続けたい,とても楽しめた,Instagram 生成画像,Xのニュースなどをリツイートする人のツイートが間違っていた。,目的と行動が一致していて、それを実行する行動力がすごいなと思った。,もっと長いパターンもやってみたい,他にもネットの使い方について,,,None,https://build.fillout.com/editor/8mWT7r3mMeus/results?sessionId=afa3beb8-7603-4831-b818-1f59801398e4,28611327ffee311376373fc1e33cc642
e2348504-210b-493d-a635-e91368d4f606,Thu Jun 05 2025 06:45:00 GMT+0900 (日本標準時),Thu Jun 05 2025 06:45:00 GMT+0900 (日本標準時),finished,Ending,慶應義塾普通部,中学3年,とてもわかりやすかった,すごく増えた,とても勉強になった,フェイクニュースや偽情報がすぐ身近にあるということ,まあまあ興味を持ち続けたい,楽しめた,ストリートビューで過去に遡る,Youtubeで地震の誤情報に触れたことがあります,楽しみながらファクトチェックの重要性がわかりました。,特にないです,理科（化学）,,,None,https://build.fillout.com/editor/8mWT7r3mMeus/results?sessionId=e2348504-210b-493d-a635-e91368d4f606,a070192b3d6a9eb343822aa03066af58
fda2fab0-b872-494a-ac93-1a0d4890672b,Thu Jun 05 2025 00:16:00 GMT+0900 (日本標準時),Thu Jun 05 2025 00:16:00 GMT+0900 (日本標準時),finished,Ending,慶應義塾普通部,中学3年,とてもわかりやすかった,あまり増えなかった,勉強になった,謎解き,すごく興味を持ち続けたい,とても楽しめた,ストリートビューで過去に遡る,ゲームの偽リーク情報などがTwitterで流れてきた時,謎解きがとても熱中できて面白かった。さらに、オチも完璧でよかった。,特になし,古文、英語,,,None,https://build.fillout.com/editor/8mWT7r3mMeus/results?sessionId=fda2fab0-b872-494a-ac93-1a0d4890672b,b871e33eb12cf58bf5c4cf347353a2ba
26b3eb02-437e-49c3-97ec-efe896e6fa00,Wed Jun 04 2025 23:03:00 GMT+0900 (日本標準時),Wed Jun 04 2025 23:03:00 GMT+0900 (日本標準時),finished,Ending,慶應義塾普通部,中学3年,とてもわかりやすかった,すごく増えた,とても勉強になった,全てを信用してはいけない,すごく興味を持ち続けたい,とても楽しめた,Instagram 生成画像,Youtube short で意味のよくわからない情報が入ってくる,とても面白い謎解きでした。,,数学についてわかりやすく理解できるストーリーを作ってほしい,,,None,https://build.fillout.com/editor/8mWT7r3mMeus/results?sessionId=26b3eb02-437e-49c3-97ec-efe896e6fa00,97538b0f16e995e4010445f572a57262
5420bfc5-e0d4-4c1b-9f95-ef4d1ed1888e,Wed Jun 04 2025 22:49:00 GMT+0900 (日本標準時),Wed Jun 04 2025 22:49:00 GMT+0900 (日本標準時),finished,Ending,慶應普通部,,まあまあわかりやすかった,まあまあ増えた,まあまあ勉強になった,,まあまあ興味を持ち続けたい,まあまあ楽しめた,ストリートビューで過去に遡る,,,グーグルアースが使えない人がいた,頭を使う戦略ゲーム,,,None,https://build.fillout.com/editor/8mWT7r3mMeus/results?sessionId=5420bfc5-e0d4-4c1b-9f95-ef4d1ed1888e,0593da9a4df7afc790e2011e13109dba
291f61d5-dfd7-4822-bc7a-c5f83f577c6b,Wed Jun 04 2025 22:32:00 GMT+0900 (日本標準時),Wed Jun 04 2025 22:32:00 GMT+0900 (日本標準時),finished,Ending,慶應義塾普通部,中学3年,まあまあわかりやすかった,まあまあ増えた,勉強になった,謎が解けた時,まあまあ興味を持ち続けたい,とても楽しめた,ストリートビューで過去に遡る,あまりない,,,歴史,,,None,https://build.fillout.com/editor/8mWT7r3mMeus/results?sessionId=291f61d5-dfd7-4822-bc7a-c5f83f577c6b,9cff1ebc030a51374109014e466a05e7
bcd60e30-8fc2-4404-8e5c-eace8243e469,Wed Jun 04 2025 22:23:00 GMT+0900 (日本標準時),Wed Jun 04 2025 22:23:00 GMT+0900 (日本標準時),finished,Ending,慶應義塾普通部,中学3年,とてもわかりやすかった,まあまあ増えた,とても勉強になった,,まあまあ興味を持ち続けたい,とても楽しめた,ストリートビューで過去に遡る,特にない,とても作り込まれてて面白かった,特になし,歴史,,,None,https://build.fillout.com/editor/8mWT7r3mMeus/results?sessionId=bcd60e30-8fc2-4404-8e5c-eace8243e469,a8e555fff0421deb58e183bb9bd45129
cc7d6bf8-c264-45c2-99bc-c97d44507dfb,Wed Jun 04 2025 22:06:00 GMT+0900 (日本標準時),Wed Jun 04 2025 22:06:00 GMT+0900 (日本標準時),finished,Ending,慶應義塾普通部,中学3年,とてもわかりやすかった,まあまあ増えた,とても勉強になった,google mapに今昔機能がある事,すごく興味を持ち続けたい,とても楽しめた,ストリートビューで過去に遡る,いいえ,とても楽しかったです！少しケイの鬼電が怖かったですwこれからも色々なgoogleのツールを活用したいと思います！,特にありません！頑張ってください👍,数学、歴史、英語,,,None,https://build.fillout.com/editor/8mWT7r3mMeus/results?sessionId=cc7d6bf8-c264-45c2-99bc-c97d44507dfb,24a76e217286f043401d593cd6c2d396
9700882a-b63a-4af4-b116-d2fb1dbd74d8,Wed Jun 04 2025 21:56:00 GMT+0900 (日本標準時),Wed Jun 04 2025 21:56:00 GMT+0900 (日本標準時),finished,Ending,慶應義塾普通部,中学3年,まあまあわかりやすかった,すごく増えた,とても勉強になった,Google mapが優秀すぎてイチカワとの電話をすっ飛ばしてクリアしてしまったこと。,すごく興味を持ち続けたい,とても楽しめた,ストリートビューで過去に遡る,熊本地震の時にライオンが動物園から脱走したとXでつぶやかれていたこと,イチカワ(？)意外とも電話したかった、、、,,保健の病気とかタバコとかの分野,,,None,https://build.fillout.com/editor/8mWT7r3mMeus/results?sessionId=9700882a-b63a-4af4-b116-d2fb1dbd74d8,090ebfc4d6e82e05597854c8721704cc
4a119e98-3566-4e8f-af53-7dcb3bc25692,Wed Jun 04 2025 21:52:00 GMT+0900 (日本標準時),Wed Jun 04 2025 21:52:00 GMT+0900 (日本標準時),finished,Ending,慶應普通部,中学3年,とてもわかりやすかった,まあまあ増えた,とても勉強になった,一次情報について,まあまあ興味を持ち続けたい,とても楽しめた,動画から国道15号線,,,,,,,None,https://build.fillout.com/editor/8mWT7r3mMeus/results?sessionId=4a119e98-3566-4e8f-af53-7dcb3bc25692,e3170140ae6987c16004c1004443e3cf
db6a81b3-df4f-4343-9fd8-d46669a4b036,Wed Jun 04 2025 21:37:00 GMT+0900 (日本標準時),Wed Jun 04 2025 21:37:00 GMT+0900 (日本標準時),finished,Ending,慶應義塾普通部,中学3年,とてもわかりやすかった,すごく増えた,とても勉強になった,イチハラ　ケイ,すごく興味を持ち続けたい,とても楽しめた,イチハラ　ケイ,忘れた,とっても面白かった。続きのゲームもつくってほしい,とくになし,全部つまんないから全ジャンルつくってほしい,,,None,https://build.fillout.com/editor/8mWT7r3mMeus/results?sessionId=db6a81b3-df4f-4343-9fd8-d46669a4b036,3af5b8d38f33044226a819eda20d6ecd
9e3b4d18-7eb3-44bd-9184-0df639085cec,Wed Jun 04 2025 21:08:00 GMT+0900 (日本標準時),Wed Jun 04 2025 21:08:00 GMT+0900 (日本標準時),finished,Ending,慶應義塾普通部,中学3年,まあまあわかりやすかった,すごく増えた,勉強になった,白石整形外科を導き出すのが難しかった,まあまあ興味を持ち続けたい,とても楽しめた,動画から国道15号線,Yutubeなどのショート動画など,特になかった,特になかった,プログラミング,,,None,https://build.fillout.com/editor/8mWT7r3mMeus/results?sessionId=9e3b4d18-7eb3-44bd-9184-0df639085cec,b952c0dbb276bce7a32f9521f556e0a6
1611835c-4d99-42db-9562-73e3ac7dd7ec,Wed Jun 04 2025 21:02:00 GMT+0900 (日本標準時),Wed Jun 04 2025 21:02:00 GMT+0900 (日本標準時),finished,Ending,慶應義塾普通部,中学3年,とてもわかりやすかった,まあまあ増えた,勉強になった,ファクトチェックは大事,まあまあ興味を持ち続けたい,楽しめた,ストリートビューで過去に遡る,ない,面白かった,,地理,,,None,https://build.fillout.com/editor/8mWT7r3mMeus/results?sessionId=1611835c-4d99-42db-9562-73e3ac7dd7ec,083b2da5d92fb14f296ff7723b2138a4
136f5f79-a90c-4e30-8d5f-f0734293d4f0,Wed Jun 04 2025 20:46:00 GMT+0900 (日本標準時),Wed Jun 04 2025 20:46:00 GMT+0900 (日本標準時),finished,Ending,慶應義塾普通部,中学3年,まあまあわかりやすかった,まあまあ増えた,勉強になった,,まあまあ興味を持ち続けたい,楽しめた,動画から国道15号線,あまりないです,素晴らしいと思いました。,特にないです,英語です,,,None,https://build.fillout.com/editor/8mWT7r3mMeus/results?sessionId=136f5f79-a90c-4e30-8d5f-f0734293d4f0,b243cc80017df322d45d370b8e402896
81b819cf-2950-43b1-8c24-37b9671c44f0,Wed Jun 04 2025 20:46:00 GMT+0900 (日本標準時),Wed Jun 04 2025 20:46:00 GMT+0900 (日本標準時),finished,Ending,慶應普通部,中学3年,とてもわかりやすかった,すごく増えた,とても勉強になった,AIの技術がすごい！,まあまあ興味を持ち続けたい,とても楽しめた,Instagram 生成画像,能登半島地震の直後のX,謎解きがとても面白かった。,特になし,プログラミング,,,None,https://build.fillout.com/editor/8mWT7r3mMeus/results?sessionId=81b819cf-2950-43b1-8c24-37b9671c44f0,91593c330b4230ab181cc87b71563ad7
0d70aa83-4a81-4520-9016-d6a5529a195d,Wed Jun 04 2025 20:42:00 GMT+0900 (日本標準時),Wed Jun 04 2025 20:42:00 GMT+0900 (日本標準時),finished,Ending,慶應義塾普通部,中学3年,まあまあわかりやすかった,まあまあ増えた,まあまあ勉強になった,白石,まあまあ興味を持ち続けたい,楽しめた,Youtube雑学,覚えていない,特になし,特になし,歴史,,,None,https://build.fillout.com/editor/8mWT7r3mMeus/results?sessionId=0d70aa83-4a81-4520-9016-d6a5529a195d,6a04cc92917b3aee6db25bebdef7aafe
a1bed1bf-a3d0-41ac-863d-6de94bb9d024,Wed Jun 04 2025 20:37:00 GMT+0900 (日本標準時),Wed Jun 04 2025 20:37:00 GMT+0900 (日本標準時),finished,Ending,慶應普通部,中学3年,とてもわかりやすかった,すごく増えた,とても勉強になった,いぬナキン,すごく興味を持ち続けたい,とても楽しめた,ストリートビューで過去に遡る,特になし,とても楽しかったし、面白かった。,特になし,特になし,,,None,https://build.fillout.com/editor/8mWT7r3mMeus/results?sessionId=a1bed1bf-a3d0-41ac-863d-6de94bb9d024,f097574213c5cfcdad720f89b5df659c
8b75e180-1316-4c7e-b2fe-064260b7b8ec,Wed Jun 04 2025 20:31:00 GMT+0900 (日本標準時),Wed Jun 04 2025 20:31:00 GMT+0900 (日本標準時),finished,Ending,慶應義塾普通部,中学3年,とてもわかりやすかった,すごく増えた,とても勉強になった,,すごく興味を持ち続けたい,とても楽しめた,動画から国道15号線,,,,,,,None,https://build.fillout.com/editor/8mWT7r3mMeus/results?sessionId=8b75e180-1316-4c7e-b2fe-064260b7b8ec,b5615e2f545135c552b7911209c6a448
ecdff0cb-8461-40c9-81f2-9265d7137186,Wed Jun 04 2025 20:17:00 GMT+0900 (日本標準時),Wed Jun 04 2025 20:17:00 GMT+0900 (日本標準時),finished,Ending,慶應義塾普通部,中学3年,まあまあわかりやすかった,まあまあ増えた,勉強になった,,すごく興味を持ち続けたい,とても楽しめた,動画から国道15号線,,,,,,,None,https://build.fillout.com/editor/8mWT7r3mMeus/results?sessionId=ecdff0cb-8461-40c9-81f2-9265d7137186,be3e2380f1eec1c82f3e29f62f7170cc
e86c4c83-793d-4460-9cf9-78e40a7775d7,Wed Jun 04 2025 20:17:00 GMT+0900 (日本標準時),Wed Jun 04 2025 20:17:00 GMT+0900 (日本標準時),finished,Ending,慶應普通部,中学3年,まあまあわかりやすかった,まあまあ増えた,勉強になった,犯人が白石だったこと,まあまあ興味を持ち続けたい,まあまあ楽しめた,ストリートビューで過去に遡る,あまりありません,,もう少し、謎を難しくする方がいいと思います,,,,None,https://build.fillout.com/editor/8mWT7r3mMeus/results?sessionId=e86c4c83-793d-4460-9cf9-78e40a7775d7,05e04029a0cc9c42635bc3d769d809ec
1ae72560-f36c-4ac6-8d74-534939904d94,Wed Jun 04 2025 20:05:00 GMT+0900 (日本標準時),Wed Jun 04 2025 20:05:00 GMT+0900 (日本標準時),finished,Ending,慶應義塾普通部,中学3年,まあまあわかりやすかった,まあまあ増えた,勉強になった,生成AIがすごかったです。,まあまあ興味を持ち続けたい,とても楽しめた,ストリートビューで過去に遡る,インスタやユーチューブなどのリールやショート動画での嘘の情報に触れたことがあります。,謎解きがとても面白かったです。ありがとうございました。,特にないです。,プログラミングはかなり気になります。,,,None,https://build.fillout.com/editor/8mWT7r3mMeus/results?sessionId=1ae72560-f36c-4ac6-8d74-534939904d94,ffe6bf5ef916f069a3e615634b12cef6
ccc0caca-3bbb-4afb-bfac-9f69314188a0,Wed Jun 04 2025 20:04:00 GMT+0900 (日本標準時),Wed Jun 04 2025 20:04:00 GMT+0900 (日本標準時),finished,Ending,慶應義塾普通部,中学3年,まあまあわかりやすかった,すごく増えた,勉強になった,どんなに頑張っても、多くのデマは回ってしまうこと,まあまあ興味を持ち続けたい,とても楽しめた,ストリートビューで過去に遡る,レポートで、調べ物をしていた時に偽情報が出てきて考察を上手く書けなかった。,とても面白いと思いました。,白石とのLINEのときに何を答えたらいいかをわかりやすくしてほしい。,古文,,,None,https://build.fillout.com/editor/8mWT7r3mMeus/results?sessionId=ccc0caca-3bbb-4afb-bfac-9f69314188a0,bad489fbdd30a4f944fd9a2c02b01939
db8104c5-33b3-4b32-b7c3-39f71bfaed6d,Wed Jun 04 2025 19:49:00 GMT+0900 (日本標準時),Wed Jun 04 2025 19:49:00 GMT+0900 (日本標準時),finished,Ending,慶應普通部,中学3年,とてもわかりやすかった,まあまあ増えた,とても勉強になった,とても没入感があって楽しかった。,まあまあ興味を持ち続けたい,とても楽しめた,ストリートビューで過去に遡る,あまりないです。,楽しかった,ない,数学,,,None,https://build.fillout.com/editor/8mWT7r3mMeus/results?sessionId=db8104c5-33b3-4b32-b7c3-39f71bfaed6d,31b1e8e6cb851fce775bbc2e3dcf3bf7
e1a6d7c1-b849-483e-b9e5-d21d3f7c158f,Wed Jun 04 2025 19:45:00 GMT+0900 (日本標準時),Wed Jun 04 2025 19:45:00 GMT+0900 (日本標準時),finished,Ending,普通部,中学3年,とてもわかりやすかった,すごく増えた,とても勉強になった,フェイクニュースを見分けるのが大変だった,すごく興味を持ち続けたい,とても楽しめた,少子高齢化ニュース,,,,数学,,,None,https://build.fillout.com/editor/8mWT7r3mMeus/results?sessionId=e1a6d7c1-b849-483e-b9e5-d21d3f7c158f,d77064b3d85b3c02aeeedf2b8034617e
c509cc45-26ad-4e29-9f9b-e225942ba959,Wed Jun 04 2025 19:40:00 GMT+0900 (日本標準時),Wed Jun 04 2025 19:40:00 GMT+0900 (日本標準時),finished,Ending,慶應義塾普通部,中学3年,とてもわかりやすかった,すごく増えた,とても勉強になった,イチハラケイ,すごく興味を持ち続けたい,とても楽しめた,ストリートビューで過去に遡る,,二個目のレイのブログのフォントやイチハラが怖かった,,中世西洋史,,,None,https://build.fillout.com/editor/8mWT7r3mMeus/results?sessionId=c509cc45-26ad-4e29-9f9b-e225942ba959,0e878f938974424750ab640df36c453a
146912ed-f3ce-4f29-aeb7-f1ffea435419,Wed Jun 04 2025 19:31:00 GMT+0900 (日本標準時),Wed Jun 04 2025 19:31:00 GMT+0900 (日本標準時),finished,Ending,慶應義塾普通部,中学3年,とてもわかりやすかった,すごく増えた,とても勉強になった,ファクトチェックが重要,すごく興味を持ち続けたい,とても楽しめた,ストリートビューで過去に遡る,コロナ禍でトイレットペーパーが売り切れる,メディアは正しいことだけでないということを学んだ,,プログラミング,,,None,https://build.fillout.com/editor/8mWT7r3mMeus/results?sessionId=146912ed-f3ce-4f29-aeb7-f1ffea435419,b2384cd92759708b62eac761af676b79
cd25479c-ec78-4161-ab5b-67371cd79192,Wed Jun 04 2025 19:31:00 GMT+0900 (日本標準時),Wed Jun 04 2025 19:31:00 GMT+0900 (日本標準時),finished,Ending,慶應義塾普通部,中学3年,とてもわかりやすかった,まあまあ増えた,勉強になった,犯人が白石だったこと,まあまあ興味を持ち続けたい,とても楽しめた,ストリートビューで過去に遡る,,簡単すぎず大分頭を使ったので面白かった,,プログラミング,,,None,https://build.fillout.com/editor/8mWT7r3mMeus/results?sessionId=cd25479c-ec78-4161-ab5b-67371cd79192,7212a95a440507cab26efd59f4140fe2
ae3ca056-b23c-4295-96d8-2e55f83b086e,Wed Jun 04 2025 19:07:00 GMT+0900 (日本標準時),Wed Jun 04 2025 19:07:00 GMT+0900 (日本標準時),finished,Ending,慶應義塾普通部,中学3年,とてもわかりやすかった,すごく増えた,とても勉強になった,疑うことが大事,すごく興味を持ち続けたい,とても楽しめた,Instagram 生成画像,あまりないです,ネットに出ているものもあまり信用できないと思いました。,ないです,歴史,,,None,https://build.fillout.com/editor/8mWT7r3mMeus/results?sessionId=ae3ca056-b23c-4295-96d8-2e55f83b086e,5bfc44dd3a3895d79f4cddc6c86477ea
70c2a167-e4ac-40c4-be33-b1b4a6d8d166,Wed Jun 04 2025 18:04:00 GMT+0900 (日本標準時),Wed Jun 04 2025 18:04:00 GMT+0900 (日本標準時),finished,Ending,慶應義塾普通部,中学3年,とてもわかりやすかった,まあまあ増えた,とても勉強になった,むずい！,まあまあ興味を持ち続けたい,とても楽しめた,動画から国道15号線,　あまりネットサーフィンしないのでわかりませんが、Youtubeで少しあったかもしれません。,　とても良くできていて、鳥肌がたった。,　特にありません。,　歴史。,,,None,https://build.fillout.com/editor/8mWT7r3mMeus/results?sessionId=70c2a167-e4ac-40c4-be33-b1b4a6d8d166,8c5c181e5148a5cae66f436dad7d9033
b0149942-386a-4ee2-8be4-d906d55e6c1f,Wed Jun 04 2025 18:02:00 GMT+0900 (日本標準時),Wed Jun 04 2025 18:02:00 GMT+0900 (日本標準時),finished,Ending,慶應義塾普通部,中学3年,あまりわかりやすくなかった,まあまあ増えた,まあまあ勉強になった,語情報の見破り方,まあまあ興味を持ち続けたい,まあまあ楽しめた,Youtube雑学,TikTokなどで野球選手の移籍の偽情報を見た事がある。,なし,なし,プログラミング,,,None,https://build.fillout.com/editor/8mWT7r3mMeus/results?sessionId=b0149942-386a-4ee2-8be4-d906d55e6c1f,877071deab5f9a81561ccae6c8e8dfd6
660f0738-af5b-4971-a892-d4f3fe3dc069,Wed Jun 04 2025 17:40:00 GMT+0900 (日本標準時),Wed Jun 04 2025 17:40:00 GMT+0900 (日本標準時),finished,Ending,慶應義塾普通部,中学3年,とてもわかりやすかった,まあまあ増えた,勉強になった,ファクトチェック,まあまあ興味を持ち続けたい,とても楽しめた,Youtube雑学,SNSを使っている時によく触れる。,レイにブログで実際にプレイして体験するのは楽しかったです。,,理科の物理や化学,,,None,https://build.fillout.com/editor/8mWT7r3mMeus/results?sessionId=660f0738-af5b-4971-a892-d4f3fe3dc069,117c657b7001b95eaa95df1d14b114c8
7157685c-0877-404f-a3fb-f1b1896a676e,Wed Jun 04 2025 17:29:00 GMT+0900 (日本標準時),Wed Jun 04 2025 17:29:00 GMT+0900 (日本標準時),finished,Ending,慶應義塾普通部,中学3年,あまりわかりやすくなかった,まあまあ増えた,勉強になった,いちかわの電話,まあまあ興味を持ち続けたい,まあまあ楽しめた,Youtube雑学,ない,楽しかった,ない,歴史,,,None,https://build.fillout.com/editor/8mWT7r3mMeus/results?sessionId=7157685c-0877-404f-a3fb-f1b1896a676e,46b783c6d307650491cb5b5bb12fc003
c4aed685-0e26-4e49-9da2-6c0abea433b6,Wed Jun 04 2025 16:27:00 GMT+0900 (日本標準時),Wed Jun 04 2025 16:27:00 GMT+0900 (日本標準時),finished,Ending,慶應義塾普通部,中学3年,とてもわかりやすかった,すごく増えた,とても勉強になった,いちはらけいの顔が怖かった,すごく興味を持ち続けたい,とても楽しめた,動画から国道15号線,ない,面白かった,なし,動物,,,None,https://build.fillout.com/editor/8mWT7r3mMeus/results?sessionId=c4aed685-0e26-4e49-9da2-6c0abea433b6,5d6a3867ab8c802da17781c3717f34e6
f897fec9-d897-49d8-9c94-44542f83e1ab,Wed Jun 04 2025 16:21:00 GMT+0900 (日本標準時),Wed Jun 04 2025 16:21:00 GMT+0900 (日本標準時),finished,Ending,慶應義塾普通部,中学3年,とてもわかりやすかった,すごく増えた,とても勉強になった,今の時代は誰でも簡単に嘘の情報を流せてしまうことに驚いた。,まあまあ興味を持ち続けたい,とても楽しめた,ストリートビューで過去に遡る,あります。実際には発生していない地震を発生したテイにしている記事を何度か見ました。特に能登半島地震などの大きい地震ではよく見ました。,謎解きゲームは最後までクリアできなかったがとても楽しかった。複数のアプリを同時活用する発想が凄かった。,特になかったです。途中まで遊んだところが自動セーブできるようになればなお面白いと思いました。,歴史をテーマにしたものは、授業よりもゲーム形式にした方がもっとみんな楽しめると思います。作って欲しいです。,,,None,https://build.fillout.com/editor/8mWT7r3mMeus/results?sessionId=f897fec9-d897-49d8-9c94-44542f83e1ab,00631b88c256328d764b6a39af43ac7e
9b8a32d1-b3eb-4a4f-8de7-73719a93f6bd,Wed Jun 04 2025 16:21:00 GMT+0900 (日本標準時),Wed Jun 04 2025 16:21:00 GMT+0900 (日本標準時),finished,Ending,慶應義塾普通部,中学3年,とてもわかりやすかった,すごく増えた,とても勉強になった,ログイン中のユーザー：Ray,すごく興味を持ち続けたい,とても楽しめた,ストリートビューで過去に遡る,ない,管理者ログイン後の画面「ログイン中のユーザー：Ray」について、ログインしたのは語り手（女子）であるはずだから、違和感があるのでは？　ただ、パスワードが同じだからシスケム側がRayだと認識した可能性もあるので、そういうことなら何も問題はないが。,特になし,歴史→当時の世界観で話を進めるような形？？,,,None,https://build.fillout.com/editor/8mWT7r3mMeus/results?sessionId=9b8a32d1-b3eb-4a4f-8de7-73719a93f6bd,00631b88c256328d764b6a39af43ac7e
df99e9f3-e413-4916-be36-32b47d690430,Wed Jun 04 2025 16:12:00 GMT+0900 (日本標準時),Wed Jun 04 2025 16:12:00 GMT+0900 (日本標準時),finished,Ending,慶應義塾普通部,中学3年,とてもわかりやすかった,まあまあ増えた,勉強になった,AI画像生成,まあまあ興味を持ち続けたい,とても楽しめた,ストリートビューで過去に遡る,ある。野球選手の去就。,楽しく学ぶことができてよかった！,特にないと思う！,英語,,,None,https://build.fillout.com/editor/8mWT7r3mMeus/results?sessionId=df99e9f3-e413-4916-be36-32b47d690430,00631b88c256328d764b6a39af43ac7e
641ebef5-954c-4ecf-a28d-8e77c6fd4cb9,Wed Jun 04 2025 16:12:00 GMT+0900 (日本標準時),Wed Jun 04 2025 16:12:00 GMT+0900 (日本標準時),finished,Ending,慶應義塾普通部,中学3年,とてもわかりやすかった,まあまあ増えた,勉強になった,AI画像の作成,まあまあ興味を持ち続けたい,とても楽しめた,ストリートビューで過去に遡る,ない,面白かった,当てずっぽうで答えられないようにしてほしい。,プログラミング,,,None,https://build.fillout.com/editor/8mWT7r3mMeus/results?sessionId=641ebef5-954c-4ecf-a28d-8e77c6fd4cb9,00631b88c256328d764b6a39af43ac7e
62c703b0-c51f-480f-ba82-d1c097a1a663,Wed Jun 04 2025 16:08:00 GMT+0900 (日本標準時),Wed Jun 04 2025 16:08:00 GMT+0900 (日本標準時),finished,Ending,慶應普通部,中学3年,とてもわかりやすかった,すごく増えた,とても勉強になった,イチハラケイ,すごく興味を持ち続けたい,とても楽しめた,ストリートビューで過去に遡る,,,,プログラミング,,,None,https://build.fillout.com/editor/8mWT7r3mMeus/results?sessionId=62c703b0-c51f-480f-ba82-d1c097a1a663,00631b88c256328d764b6a39af43ac7e
4228ea29-faf4-4aa2-acdb-7570cda81789,Wed Jun 04 2025 16:08:00 GMT+0900 (日本標準時),Wed Jun 04 2025 16:08:00 GMT+0900 (日本標準時),finished,Ending,慶應普通部,中学3年,とてもわかりやすかった,すごく増えた,勉強になった,イチハラの電話,すごく興味を持ち続けたい,とても楽しめた,動画から国道15号線,ないと思います。,協力して情報を確かめるのが楽しかった。,ないです。,英語,,,None,https://build.fillout.com/editor/8mWT7r3mMeus/results?sessionId=4228ea29-faf4-4aa2-acdb-7570cda81789,00631b88c256328d764b6a39af43ac7e
51908547-241d-4cf8-8ac9-8c3aa835232a,Wed Jun 04 2025 16:07:00 GMT+0900 (日本標準時),Wed Jun 04 2025 16:07:00 GMT+0900 (日本標準時),finished,Ending,慶應義塾普通部,中学3年,まあまあわかりやすかった,まあまあ増えた,勉強になった,,まあまあ興味を持ち続けたい,楽しめた,ストリートビューで過去に遡る,ないです,楽しかった,ないです,歴史,,,None,https://build.fillout.com/editor/8mWT7r3mMeus/results?sessionId=51908547-241d-4cf8-8ac9-8c3aa835232a,00631b88c256328d764b6a39af43ac7e
0ea56471-acd2-496e-8ed7-cf171f13c5e2,Wed Jun 04 2025 16:07:00 GMT+0900 (日本標準時),Wed Jun 04 2025 16:07:00 GMT+0900 (日本標準時),finished,Ending,keiof6,中学3年,とてもわかりやすかった,すごく増えた,とても勉強になった,むずかった,すごく興味を持ち続けたい,とても楽しめた,少子高齢化ニュース,,,,,,,None,https://build.fillout.com/editor/8mWT7r3mMeus/results?sessionId=0ea56471-acd2-496e-8ed7-cf171f13c5e2,00631b88c256328d764b6a39af43ac7e
f4ec4176-d9c8-4858-93ea-cd6892668ca8,Wed Jun 04 2025 16:07:00 GMT+0900 (日本標準時),Wed Jun 04 2025 16:07:00 GMT+0900 (日本標準時),finished,Ending,慶應義塾普通部,,とてもわかりやすかった,すごく増えた,とても勉強になった,いちはらの電話,すごく興味を持ち続けたい,とても楽しめた,Instagram 生成画像,あまりないです。,みんなと協力しながら問題を解いたのが楽しかった。,とても楽しかったので、改善はいらないです。,英語,,,None,https://build.fillout.com/editor/8mWT7r3mMeus/results?sessionId=f4ec4176-d9c8-4858-93ea-cd6892668ca8,00631b88c256328d764b6a39af43ac7e
c4fe91be-8580-4fc3-8e89-bf0b65464e6c,Wed Jun 04 2025 16:06:00 GMT+0900 (日本標準時),Wed Jun 04 2025 16:06:00 GMT+0900 (日本標準時),finished,Ending,慶應義塾普通部,中学3年,とてもわかりやすかった,すごく増えた,とても勉強になった,Googleマップで昔の写真を見れること,すごく興味を持ち続けたい,とても楽しめた,ストリートビューで過去に遡る,ない,楽しかった,ない,情報真偽能力を試す授業,,,None,https://build.fillout.com/editor/8mWT7r3mMeus/results?sessionId=c4fe91be-8580-4fc3-8e89-bf0b65464e6c,00631b88c256328d764b6a39af43ac7e
fb58d737-9a03-487d-921d-09d170590267,Wed Jun 04 2025 16:04:00 GMT+0900 (日本標準時),Wed Jun 04 2025 16:04:00 GMT+0900 (日本標準時),finished,Ending,慶應義塾普通部,中学3年,とてもわかりやすかった,あまり増えなかった,勉強になった,市川かわいい,あまり興味を持ち続けたくない,楽しめた,市川,ない,楽しかった,ない,ない,,,None,https://build.fillout.com/editor/8mWT7r3mMeus/results?sessionId=fb58d737-9a03-487d-921d-09d170590267,00631b88c256328d764b6a39af43ac7e
ff30d7ba-0ca9-40ec-adf9-6959d1f744e8,Wed Jun 04 2025 16:03:00 GMT+0900 (日本標準時),Wed Jun 04 2025 16:03:00 GMT+0900 (日本標準時),finished,Ending,慶應義塾普通部,中学3年,まあまあわかりやすかった,まあまあ増えた,勉強になった,いちはらこわい,まあまあ興味を持ち続けたい,とても楽しめた,Instagram 生成画像,ないです,,,,,,None,https://build.fillout.com/editor/8mWT7r3mMeus/results?sessionId=ff30d7ba-0ca9-40ec-adf9-6959d1f744e8,00631b88c256328d764b6a39af43ac7e
8743d017-bfd0-4748-8368-a3f2a7423175,Wed Jun 04 2025 15:35:00 GMT+0900 (日本標準時),Wed Jun 04 2025 15:35:00 GMT+0900 (日本標準時),finished,Ending,慶應義塾普通部,中学3年,とてもわかりやすかった,すごく増えた,とても勉強になった,いちはら,すごく興味を持ち続けたい,とても楽しめた,Youtube雑学,ない,,,,,,None,https://build.fillout.com/editor/8mWT7r3mMeus/results?sessionId=8743d017-bfd0-4748-8368-a3f2a7423175,00631b88c256328d764b6a39af43ac7e